NodeID,Class
1,tvshow
2,government
3,company
4,government
5,politician
6,politician
7,politician
8,politician
9,government
10,government
11,government
12,politician
13,government
14,government
15,government
16,government
17,company
18,politician
19,government
20,company
21,politician
22,company
23,government
24,company
25,company
26,company
27,government
28,tvshow
29,company
30,company
31,company
32,government
33,government
34,politician
35,politician
36,company
37,company
38,government
39,government
40,government
41,politician
42,government
43,company
44,government
45,tvshow
46,company
47,politician
48,government
49,company
50,company
51,government
52,politician
53,tvshow
54,company
55,government
56,tvshow
57,government
58,company
59,government
60,politician
61,politician
62,company
63,politician
64,company
65,government
66,company
67,company
68,politician
69,tvshow
70,tvshow
71,tvshow
72,politician
73,government
74,politician
75,government
76,government
77,company
78,politician
79,politician
80,tvshow
81,government
82,government
83,politician
84,government
85,government
86,government
87,company
88,government
89,government
90,politician
91,government
92,company
93,company
94,politician
95,government
96,politician
97,tvshow
98,politician
99,government
100,tvshow
101,government
102,tvshow
103,company
104,politician
105,government
106,company
107,politician
108,company
109,politician
110,politician
111,government
112,tvshow
113,government
114,politician
115,politician
116,company
117,politician
118,tvshow
119,politician
120,tvshow
121,government
122,government
123,government
124,government
125,company
126,company
127,company
128,company
129,company
130,politician
131,government
132,company
133,company
134,government
135,company
136,company
137,government
138,government
139,politician
140,company
141,tvshow
142,tvshow
143,company
144,government
145,politician
146,politician
147,politician
148,government
149,government
150,company
151,company
152,tvshow
153,tvshow
154,tvshow
155,government
156,politician
157,politician
158,government
159,company
160,government
161,government
162,tvshow
163,politician
164,government
165,company
166,government
167,government
168,government
169,company
170,government
171,government
172,government
173,company
174,government
175,company
176,tvshow
177,politician
178,government
179,tvshow
180,company
181,politician
182,government
183,government
184,government
185,company
186,tvshow
187,politician
188,politician
189,government
190,government
191,company
192,politician
193,government
194,company
195,company
196,politician
197,government
198,government
199,company
200,company
201,politician
202,company
203,politician
204,politician
205,company
206,company
207,government
208,government
209,government
210,politician
211,politician
212,politician
213,politician
214,government
215,company
216,government
217,politician
218,politician
219,government
220,government
221,politician
222,company
223,government
224,company
225,government
226,politician
227,tvshow
228,company
229,government
230,politician
231,politician
232,politician
233,government
234,tvshow
235,politician
236,government
237,company
238,company
239,government
240,politician
241,government
242,politician
243,government
244,company
245,politician
246,company
247,politician
248,tvshow
249,company
250,government
251,company
252,company
253,government
254,government
255,government
256,company
257,politician
258,politician
259,tvshow
260,company
261,government
262,tvshow
263,company
264,tvshow
265,tvshow
266,tvshow
267,government
268,tvshow
269,politician
270,politician
271,government
272,company
273,politician
274,company
275,tvshow
276,tvshow
277,government
278,government
279,company
280,company
281,company
282,tvshow
283,tvshow
284,politician
285,politician
286,company
287,company
288,company
289,company
290,government
291,politician
292,politician
293,government
294,politician
295,government
296,tvshow
297,government
298,tvshow
299,tvshow
300,government
301,government
302,government
303,politician
304,government
305,politician
306,government
307,company
308,government
309,government
310,government
311,government
312,politician
313,company
314,government
315,politician
316,government
317,tvshow
318,politician
319,company
320,company
321,government
322,politician
323,politician
324,government
325,government
326,government
327,government
328,company
329,company
330,government
331,company
332,company
333,politician
334,company
335,politician
336,government
337,government
338,government
339,government
340,government
341,company
342,government
343,politician
344,government
345,tvshow
346,government
347,government
348,government
349,company
350,company
351,government
352,company
353,company
354,politician
355,tvshow
356,company
357,government
358,tvshow
359,government
360,company
361,politician
362,politician
363,politician
364,company
365,politician
366,politician
367,tvshow
368,tvshow
369,government
370,politician
371,government
372,government
373,politician
374,company
375,government
376,government
377,tvshow
378,government
379,government
380,company
381,government
382,tvshow
383,government
384,government
385,company
386,government
387,government
388,tvshow
389,company
390,politician
391,tvshow
392,government
393,government
394,tvshow
395,company
396,government
397,tvshow
398,tvshow
399,politician
400,company
401,government
402,company
403,government
404,politician
405,government
406,government
407,government
408,government
409,company
410,company
411,tvshow
412,company
413,politician
414,politician
415,company
416,government
417,company
418,politician
419,government
420,tvshow
421,company
422,company
423,politician
424,company
425,government
426,company
427,government
428,politician
429,tvshow
430,company
431,government
432,government
433,government
434,company
435,tvshow
436,politician
437,government
438,company
439,politician
440,company
441,politician
442,tvshow
443,politician
444,politician
445,politician
446,politician
447,company
448,politician
449,politician
450,tvshow
451,tvshow
452,tvshow
453,tvshow
454,politician
455,company
456,company
457,politician
458,politician
459,government
460,politician
461,politician
462,company
463,company
464,company
465,company
466,company
467,politician
468,company
469,politician
470,politician
471,politician
472,company
473,company
474,company
475,government
476,company
477,politician
478,company
479,government
480,politician
481,company
482,company
483,tvshow
484,company
485,company
486,politician
487,government
488,company
489,politician
490,company
491,government
492,politician
493,politician
494,company
495,politician
496,tvshow
497,government
498,company
499,government
500,tvshow
501,company
502,government
503,politician
504,company
505,government
506,government
507,company
508,tvshow
509,government
510,company
511,politician
512,politician
513,tvshow
514,company
515,government
516,politician
517,company
518,government
519,politician
520,company
521,company
522,company
523,government
524,politician
525,government
526,government
527,tvshow
528,politician
529,politician
530,tvshow
531,government
532,company
533,politician
534,company
535,government
536,politician
537,government
538,government
539,politician
540,company
541,company
542,politician
543,politician
544,politician
545,government
546,tvshow
547,government
548,company
549,government
550,politician
551,tvshow
552,government
553,politician
554,politician
555,politician
556,company
557,politician
558,politician
559,tvshow
560,government
561,government
562,company
563,politician
564,company
565,politician
566,government
567,company
568,government
569,tvshow
570,company
571,government
572,government
573,government
574,tvshow
575,company
576,politician
577,tvshow
578,politician
579,government
580,company
581,tvshow
582,politician
583,government
584,politician
585,tvshow
586,government
587,government
588,company
589,politician
590,politician
591,company
592,government
593,government
594,politician
595,politician
596,government
597,company
598,tvshow
599,tvshow
600,company
601,politician
602,politician
603,company
604,company
605,government
606,company
607,politician
608,company
609,tvshow
610,politician
611,company
612,government
613,tvshow
614,government
615,government
616,company
617,politician
618,politician
619,company
620,politician
621,government
622,politician
623,government
624,government
625,government
626,company
627,government
628,government
629,company
630,company
631,government
632,politician
633,politician
634,tvshow
635,company
636,government
637,company
638,tvshow
639,government
640,politician
641,company
642,tvshow
643,company
644,politician
645,company
646,politician
647,company
648,politician
649,company
650,company
651,company
652,politician
653,tvshow
654,tvshow
655,company
656,company
657,politician
658,tvshow
659,politician
660,government
661,government
662,tvshow
663,tvshow
664,government
665,government
666,company
667,government
668,politician
669,company
670,tvshow
671,company
672,politician
673,company
674,company
675,company
676,government
677,tvshow
678,politician
679,government
680,government
681,company
682,tvshow
683,company
684,government
685,tvshow
686,government
687,company
688,government
689,company
690,politician
691,politician
692,company
693,company
694,company
695,government
696,government
697,politician
698,government
699,government
700,company
701,tvshow
702,company
703,politician
704,government
705,politician
706,company
707,company
708,politician
709,company
710,government
711,government
712,tvshow
713,politician
714,politician
715,politician
716,government
717,politician
718,tvshow
719,company
720,politician
721,politician
722,politician
723,politician
724,government
725,government
726,company
727,company
728,tvshow
729,company
730,government
731,government
732,politician
733,government
734,company
735,government
736,tvshow
737,company
738,company
739,politician
740,government
741,company
742,government
743,tvshow
744,politician
745,company
746,company
747,tvshow
748,tvshow
749,government
750,tvshow
751,company
752,company
753,government
754,tvshow
755,government
756,company
757,company
758,government
759,tvshow
760,company
761,politician
762,tvshow
763,politician
764,government
765,government
766,politician
767,government
768,government
769,politician
770,tvshow
771,government
772,company
773,government
774,company
775,government
776,politician
777,tvshow
778,company
779,company
780,tvshow
781,company
782,company
783,government
784,government
785,government
786,company
787,company
788,company
789,politician
790,company
791,tvshow
792,politician
793,government
794,government
795,tvshow
796,government
797,tvshow
798,government
799,tvshow
800,government
801,politician
802,politician
803,politician
804,politician
805,company
806,company
807,politician
808,tvshow
809,government
810,government
811,tvshow
812,politician
813,politician
814,company
815,company
816,politician
817,company
818,politician
819,government
820,politician
821,government
822,government
823,government
824,company
825,company
826,government
827,company
828,politician
829,tvshow
830,government
831,government
832,politician
833,politician
834,company
835,tvshow
836,politician
837,politician
838,politician
839,tvshow
840,tvshow
841,government
842,company
843,politician
844,company
845,tvshow
846,politician
847,government
848,politician
849,politician
850,company
851,government
852,tvshow
853,company
854,company
855,government
856,politician
857,politician
858,company
859,company
860,government
861,politician
862,company
863,tvshow
864,company
865,government
866,government
867,government
868,government
869,company
870,politician
871,politician
872,company
873,company
874,politician
875,company
876,politician
877,government
878,politician
879,company
880,politician
881,politician
882,government
883,government
884,politician
885,company
886,politician
887,politician
888,tvshow
889,politician
890,government
891,politician
892,tvshow
893,politician
894,tvshow
895,politician
896,politician
897,company
898,government
899,company
900,government
901,tvshow
902,government
903,company
904,politician
905,government
906,company
907,company
908,politician
909,politician
910,tvshow
911,government
912,tvshow
913,tvshow
914,government
915,company
916,government
917,government
918,government
919,company
920,government
921,politician
922,tvshow
923,government
924,company
925,tvshow
926,politician
927,tvshow
928,government
929,tvshow
930,politician
931,politician
932,company
933,politician
934,government
935,company
936,government
937,politician
938,government
939,politician
940,tvshow
941,company
942,tvshow
943,company
944,government
945,government
946,politician
947,company
948,politician
949,company
950,company
951,tvshow
952,company
953,company
954,company
955,politician
956,politician
957,politician
958,government
959,tvshow
960,tvshow
961,politician
962,government
963,government
964,tvshow
965,politician
966,company
967,government
968,company
969,politician
970,company
971,company
972,company
973,government
974,government
975,politician
976,company
977,tvshow
978,government
979,politician
980,politician
981,tvshow
982,company
983,government
984,government
985,company
986,company
987,tvshow
988,government
989,politician
990,politician
991,company
992,tvshow
993,government
994,politician
995,politician
996,government
997,company
998,government
999,tvshow
1000,government
1001,government
1002,company
1003,company
1004,tvshow
1005,government
1006,company
1007,politician
1008,government
1009,politician
1010,tvshow
1011,politician
1012,company
1013,tvshow
1014,politician
1015,government
1016,politician
1017,politician
1018,government
1019,tvshow
1020,tvshow
1021,politician
1022,politician
1023,company
1024,government
1025,government
1026,government
1027,company
1028,company
1029,tvshow
1030,company
1031,company
1032,tvshow
1033,politician
1034,company
1035,company
1036,politician
1037,government
1038,politician
1039,company
1040,politician
1041,government
1042,government
1043,tvshow
1044,company
1045,company
1046,tvshow
1047,company
1048,government
1049,company
1050,government
1051,government
1052,company
1053,company
1054,government
1055,company
1056,politician
1057,company
1058,company
1059,politician
1060,company
1061,politician
1062,politician
1063,politician
1064,government
1065,government
1066,government
1067,government
1068,government
1069,government
1070,company
1071,tvshow
1072,government
1073,tvshow
1074,company
1075,company
1076,politician
1077,politician
1078,politician
1079,government
1080,government
1081,company
1082,company
1083,company
1084,tvshow
1085,government
1086,government
1087,government
1088,government
1089,politician
1090,politician
1091,politician
1092,company
1093,tvshow
1094,government
1095,government
1096,company
1097,government
1098,government
1099,company
1100,tvshow
1101,government
1102,government
1103,company
1104,government
1105,company
1106,government
1107,company
1108,government
1109,government
1110,politician
1111,politician
1112,politician
1113,government
1114,company
1115,government
1116,tvshow
1117,company
1118,politician
1119,tvshow
1120,government
1121,politician
1122,politician
1123,politician
1124,government
1125,government
1126,government
1127,tvshow
1128,politician
1129,tvshow
1130,company
1131,politician
1132,tvshow
1133,politician
1134,tvshow
1135,company
1136,politician
1137,politician
1138,government
1139,politician
1140,tvshow
1141,tvshow
1142,government
1143,politician
1144,company
1145,company
1146,government
1147,government
1148,company
1149,tvshow
1150,politician
1151,politician
1152,politician
1153,company
1154,politician
1155,politician
1156,government
1157,company
1158,company
1159,government
1160,tvshow
1161,company
1162,government
1163,company
1164,company
1165,politician
1166,politician
1167,tvshow
1168,company
1169,politician
1170,government
1171,company
1172,politician
1173,tvshow
1174,company
1175,tvshow
1176,company
1177,company
1178,tvshow
1179,tvshow
1180,government
1181,politician
1182,politician
1183,tvshow
1184,tvshow
1185,company
1186,tvshow
1187,politician
1188,government
1189,politician
1190,government
1191,company
1192,tvshow
1193,government
1194,politician
1195,government
1196,government
1197,government
1198,government
1199,government
1200,politician
1201,government
1202,government
1203,politician
1204,politician
1205,government
1206,government
1207,company
1208,government
1209,politician
1210,government
1211,company
1212,tvshow
1213,tvshow
1214,company
1215,company
1216,government
1217,tvshow
1218,company
1219,tvshow
1220,politician
1221,company
1222,government
1223,tvshow
1224,politician
1225,politician
1226,company
1227,politician
1228,government
1229,politician
1230,politician
1231,tvshow
1232,government
1233,tvshow
1234,tvshow
1235,politician
1236,company
1237,politician
1238,company
1239,politician
1240,tvshow
1241,government
1242,company
1243,government
1244,government
1245,company
1246,government
1247,government
1248,government
1249,government
1250,company
1251,company
1252,company
1253,politician
1254,company
1255,company
1256,company
1257,government
1258,politician
1259,company
1260,tvshow
1261,tvshow
1262,politician
1263,government
1264,government
1265,company
1266,company
1267,politician
1268,politician
1269,company
1270,government
1271,politician
1272,government
1273,tvshow
1274,government
1275,company
1276,politician
1277,company
1278,company
1279,government
1280,government
1281,politician
1282,company
1283,government
1284,government
1285,politician
1286,politician
1287,government
1288,politician
1289,company
1290,government
1291,government
1292,tvshow
1293,government
1294,politician
1295,tvshow
1296,government
1297,tvshow
1298,company
1299,company
1300,politician
1301,company
1302,company
1303,tvshow
1304,politician
1305,politician
1306,company
1307,government
1308,company
1309,company
1310,government
1311,company
1312,government
1313,politician
1314,government
1315,tvshow
1316,tvshow
1317,government
1318,company
1319,politician
1320,politician
1321,politician
1322,company
1323,company
1324,tvshow
1325,government
1326,government
1327,politician
1328,government
1329,government
1330,government
1331,government
1332,government
1333,company
1334,company
1335,government
1336,company
1337,company
1338,government
1339,politician
1340,government
1341,tvshow
1342,politician
1343,politician
1344,politician
1345,politician
1346,government
1347,company
1348,government
1349,politician
1350,government
1351,politician
1352,government
1353,company
1354,tvshow
1355,tvshow
1356,government
1357,politician
1358,politician
1359,company
1360,politician
1361,government
1362,company
1363,company
1364,politician
1365,government
1366,tvshow
1367,government
1368,government
1369,government
1370,company
1371,company
1372,politician
1373,government
1374,government
1375,company
1376,government
1377,politician
1378,politician
1379,tvshow
1380,government
1381,company
1382,government
1383,politician
1384,tvshow
1385,company
1386,government
1387,politician
1388,government
1389,government
1390,government
1391,government
1392,government
1393,government
1394,company
1395,tvshow
1396,government
1397,politician
1398,government
1399,government
1400,company
1401,politician
1402,politician
1403,tvshow
1404,tvshow
1405,company
1406,tvshow
1407,government
1408,company
1409,politician
1410,tvshow
1411,company
1412,politician
1413,company
1414,politician
1415,government
1416,government
1417,politician
1418,company
1419,tvshow
1420,tvshow
1421,politician
1422,government
1423,politician
1424,tvshow
1425,tvshow
1426,politician
1427,government
1428,politician
1429,government
1430,tvshow
1431,government
1432,government
1433,government
1434,tvshow
1435,tvshow
1436,politician
1437,company
1438,government
1439,politician
1440,politician
1441,politician
1442,company
1443,company
1444,politician
1445,tvshow
1446,company
1447,tvshow
1448,tvshow
1449,politician
1450,company
1451,government
1452,company
1453,government
1454,company
1455,government
1456,company
1457,company
1458,tvshow
1459,government
1460,politician
1461,government
1462,politician
1463,company
1464,government
1465,politician
1466,tvshow
1467,government
1468,politician
1469,company
1470,tvshow
1471,politician
1472,tvshow
1473,company
1474,company
1475,government
1476,tvshow
1477,company
1478,company
1479,government
1480,tvshow
1481,politician
1482,politician
1483,government
1484,politician
1485,tvshow
1486,tvshow
1487,company
1488,government
1489,politician
1490,company
1491,politician
1492,tvshow
1493,politician
1494,politician
1495,government
1496,company
1497,tvshow
1498,company
1499,company
1500,politician
1501,government
1502,government
1503,government
1504,government
1505,tvshow
1506,company
1507,company
1508,government
1509,government
1510,politician
1511,politician
1512,company
1513,government
1514,company
1515,company
1516,tvshow
1517,government
1518,tvshow
1519,government
1520,company
1521,government
1522,company
1523,government
1524,tvshow
1525,politician
1526,politician
1527,politician
1528,politician
1529,company
1530,company
1531,government
1532,government
1533,politician
1534,company
1535,tvshow
1536,government
1537,company
1538,company
1539,government
1540,company
1541,politician
1542,tvshow
1543,politician
1544,politician
1545,company
1546,government
1547,tvshow
1548,tvshow
1549,politician
1550,government
1551,company
1552,company
1553,company
1554,government
1555,company
1556,politician
1557,politician
1558,government
1559,tvshow
1560,politician
1561,government
1562,politician
1563,tvshow
1564,company
1565,company
1566,politician
1567,company
1568,company
1569,government
1570,politician
1571,company
1572,government
1573,politician
1574,government
1575,government
1576,politician
1577,tvshow
1578,company
1579,company
1580,politician
1581,company
1582,company
1583,politician
1584,government
1585,government
1586,tvshow
1587,government
1588,politician
1589,government
1590,company
1591,politician
1592,government
1593,politician
1594,politician
1595,government
1596,government
1597,company
1598,politician
1599,politician
1600,government
1601,government
1602,politician
1603,politician
1604,tvshow
1605,politician
1606,tvshow
1607,government
1608,company
1609,tvshow
1610,company
1611,company
1612,company
1613,politician
1614,tvshow
1615,government
1616,government
1617,politician
1618,government
1619,tvshow
1620,government
1621,tvshow
1622,politician
1623,government
1624,government
1625,politician
1626,company
1627,company
1628,politician
1629,company
1630,company
1631,company
1632,company
1633,politician
1634,company
1635,government
1636,politician
1637,government
1638,government
1639,government
1640,government
1641,company
1642,company
1643,tvshow
1644,politician
1645,tvshow
1646,company
1647,politician
1648,government
1649,company
1650,government
1651,government
1652,politician
1653,tvshow
1654,politician
1655,government
1656,company
1657,politician
1658,company
1659,government
1660,tvshow
1661,company
1662,politician
1663,company
1664,tvshow
1665,politician
1666,government
1667,tvshow
1668,tvshow
1669,politician
1670,politician
1671,politician
1672,company
1673,company
1674,government
1675,company
1676,company
1677,politician
1678,company
1679,government
1680,company
1681,government
1682,tvshow
1683,politician
1684,government
1685,politician
1686,company
1687,tvshow
1688,company
1689,company
1690,politician
1691,government
1692,politician
1693,politician
1694,government
1695,government
1696,politician
1697,tvshow
1698,company
1699,tvshow
1700,tvshow
1701,government
1702,government
1703,government
1704,government
1705,company
1706,politician
1707,company
1708,politician
1709,politician
1710,company
1711,government
1712,company
1713,company
1714,company
1715,politician
1716,tvshow
1717,politician
1718,company
1719,company
1720,tvshow
1721,company
1722,tvshow
1723,government
1724,politician
1725,government
1726,company
1727,government
1728,politician
1729,company
1730,company
1731,tvshow
1732,government
1733,politician
1734,government
1735,politician
1736,company
1737,company
1738,company
1739,company
1740,government
1741,government
1742,politician
1743,government
1744,company
1745,government
1746,government
1747,government
1748,company
1749,company
1750,tvshow
1751,government
1752,government
1753,politician
1754,tvshow
1755,company
1756,company
1757,tvshow
1758,company
1759,tvshow
1760,politician
1761,government
1762,government
1763,tvshow
1764,politician
1765,tvshow
1766,politician
1767,company
1768,government
1769,company
1770,company
1771,company
1772,government
1773,government
1774,government
1775,company
1776,company
1777,government
1778,tvshow
1779,tvshow
1780,government
1781,government
1782,government
1783,company
1784,government
1785,politician
1786,government
1787,tvshow
1788,tvshow
1789,company
1790,tvshow
1791,politician
1792,politician
1793,tvshow
1794,government
1795,politician
1796,company
1797,politician
1798,company
1799,politician
1800,government
1801,company
1802,politician
1803,company
1804,tvshow
1805,tvshow
1806,company
1807,politician
1808,tvshow
1809,company
1810,politician
1811,government
1812,company
1813,company
1814,company
1815,government
1816,politician
1817,government
1818,government
1819,government
1820,company
1821,government
1822,tvshow
1823,politician
1824,government
1825,company
1826,company
1827,company
1828,government
1829,politician
1830,politician
1831,tvshow
1832,government
1833,company
1834,company
1835,politician
1836,government
1837,government
1838,company
1839,company
1840,company
1841,politician
1842,politician
1843,government
1844,government
1845,politician
1846,company
1847,company
1848,government
1849,government
1850,government
1851,politician
1852,government
1853,tvshow
1854,company
1855,government
1856,company
1857,company
1858,company
1859,company
1860,politician
1861,politician
1862,company
1863,company
1864,company
1865,tvshow
1866,company
1867,politician
1868,company
1869,government
1870,company
1871,tvshow
1872,politician
1873,politician
1874,politician
1875,politician
1876,company
1877,company
1878,government
1879,tvshow
1880,government
1881,government
1882,politician
1883,politician
1884,company
1885,company
1886,politician
1887,tvshow
1888,politician
1889,government
1890,company
1891,company
1892,government
1893,government
1894,politician
1895,company
1896,government
1897,government
1898,company
1899,tvshow
1900,politician
1901,company
1902,government
1903,politician
1904,politician
1905,tvshow
1906,tvshow
1907,politician
1908,politician
1909,company
1910,politician
1911,politician
1912,company
1913,government
1914,government
1915,government
1916,company
1917,politician
1918,government
1919,company
1920,tvshow
1921,politician
1922,government
1923,company
1924,politician
1925,tvshow
1926,politician
1927,company
1928,company
1929,politician
1930,tvshow
1931,politician
1932,tvshow
1933,company
1934,government
1935,company
1936,company
1937,politician
1938,government
1939,company
1940,politician
1941,politician
1942,tvshow
1943,tvshow
1944,government
1945,government
1946,tvshow
1947,government
1948,company
1949,politician
1950,government
1951,politician
1952,politician
1953,tvshow
1954,politician
1955,tvshow
1956,politician
1957,government
1958,government
1959,tvshow
1960,government
1961,government
1962,tvshow
1963,politician
1964,company
1965,government
1966,politician
1967,tvshow
1968,politician
1969,tvshow
1970,government
1971,government
1972,company
1973,company
1974,company
1975,company
1976,tvshow
1977,company
1978,politician
1979,government
1980,government
1981,politician
1982,government
1983,company
1984,company
1985,tvshow
1986,politician
1987,company
1988,company
1989,company
1990,company
1991,company
1992,government
1993,company
1994,government
1995,company
1996,tvshow
1997,tvshow
1998,politician
1999,government
2000,politician
2001,company
2002,company
2003,company
2004,tvshow
2005,tvshow
2006,company
2007,government
2008,government
2009,politician
2010,tvshow
2011,politician
2012,company
2013,company
2014,politician
2015,government
2016,company
2017,government
2018,company
2019,government
2020,politician
2021,tvshow
2022,company
2023,company
2024,politician
2025,government
2026,politician
2027,government
2028,government
2029,company
2030,government
2031,politician
2032,government
2033,company
2034,company
2035,company
2036,company
2037,company
2038,government
2039,company
2040,company
2041,politician
2042,tvshow
2043,tvshow
2044,politician
2045,politician
2046,politician
2047,company
2048,company
2049,government
2050,company
2051,tvshow
2052,politician
2053,company
2054,company
2055,company
2056,politician
2057,tvshow
2058,company
2059,politician
2060,government
2061,politician
2062,company
2063,tvshow
2064,tvshow
2065,company
2066,government
2067,politician
2068,company
2069,government
2070,company
2071,company
2072,company
2073,government
2074,company
2075,politician
2076,government
2077,tvshow
2078,company
2079,government
2080,company
2081,company
2082,government
2083,company
2084,tvshow
2085,company
2086,government
2087,tvshow
2088,politician
2089,tvshow
2090,politician
2091,politician
2092,company
2093,politician
2094,tvshow
2095,company
2096,politician
2097,government
2098,company
2099,company
2100,company
2101,tvshow
2102,company
2103,company
2104,government
2105,politician
2106,company
2107,tvshow
2108,government
2109,tvshow
2110,politician
2111,government
2112,company
2113,company
2114,politician
2115,company
2116,tvshow
2117,company
2118,tvshow
2119,politician
2120,company
2121,government
2122,government
2123,politician
2124,government
2125,government
2126,tvshow
2127,company
2128,company
2129,company
2130,politician
2131,company
2132,politician
2133,company
2134,government
2135,politician
2136,politician
2137,politician
2138,company
2139,company
2140,company
2141,government
2142,government
2143,government
2144,company
2145,company
2146,company
2147,tvshow
2148,company
2149,government
2150,politician
2151,politician
2152,government
2153,politician
2154,company
2155,company
2156,company
2157,tvshow
2158,government
2159,company
2160,politician
2161,tvshow
2162,government
2163,government
2164,tvshow
2165,government
2166,company
2167,politician
2168,government
2169,tvshow
2170,company
2171,government
2172,tvshow
2173,government
2174,tvshow
2175,government
2176,government
2177,company
2178,government
2179,company
2180,government
2181,company
2182,politician
2183,government
2184,company
2185,company
2186,government
2187,government
2188,company
2189,company
2190,tvshow
2191,company
2192,tvshow
2193,company
2194,government
2195,company
2196,government
2197,company
2198,tvshow
2199,tvshow
2200,company
2201,company
2202,government
2203,government
2204,government
2205,government
2206,government
2207,company
2208,company
2209,politician
2210,government
2211,company
2212,tvshow
2213,company
2214,government
2215,politician
2216,tvshow
2217,company
2218,company
2219,government
2220,government
2221,government
2222,tvshow
2223,company
2224,politician
2225,government
2226,government
2227,company
2228,company
2229,company
2230,company
2231,tvshow
2232,company
2233,government
2234,government
2235,tvshow
2236,tvshow
2237,government
2238,company
2239,politician
2240,government
2241,tvshow
2242,government
2243,government
2244,tvshow
2245,government
2246,government
2247,politician
2248,politician
2249,tvshow
2250,government
2251,company
2252,tvshow
2253,politician
2254,company
2255,politician
2256,politician
2257,government
2258,tvshow
2259,government
2260,government
2261,tvshow
2262,politician
2263,tvshow
2264,politician
2265,company
2266,company
2267,company
2268,politician
2269,company
2270,company
2271,politician
2272,government
2273,government
2274,government
2275,government
2276,politician
2277,government
2278,tvshow
2279,politician
2280,company
2281,government
2282,tvshow
2283,politician
2284,company
2285,government
2286,tvshow
2287,politician
2288,government
2289,government
2290,government
2291,politician
2292,company
2293,company
2294,government
2295,government
2296,government
2297,politician
2298,government
2299,company
2300,politician
2301,company
2302,government
2303,company
2304,company
2305,company
2306,government
2307,company
2308,politician
2309,government
2310,politician
2311,tvshow
2312,government
2313,government
2314,government
2315,company
2316,politician
2317,tvshow
2318,politician
2319,government
2320,tvshow
2321,politician
2322,company
2323,company
2324,government
2325,government
2326,company
2327,government
2328,government
2329,government
2330,politician
2331,tvshow
2332,government
2333,politician
2334,tvshow
2335,government
2336,politician
2337,government
2338,tvshow
2339,politician
2340,tvshow
2341,politician
2342,government
2343,politician
2344,politician
2345,politician
2346,government
2347,government
2348,company
2349,tvshow
2350,government
2351,company
2352,politician
2353,politician
2354,government
2355,tvshow
2356,government
2357,government
2358,politician
2359,company
2360,government
2361,company
2362,company
2363,government
2364,company
2365,tvshow
2366,company
2367,government
2368,government
2369,company
2370,company
2371,tvshow
2372,company
2373,government
2374,company
2375,politician
2376,government
2377,company
2378,government
2379,politician
2380,politician
2381,politician
2382,politician
2383,company
2384,government
2385,company
2386,politician
2387,politician
2388,government
2389,tvshow
2390,politician
2391,tvshow
2392,company
2393,politician
2394,politician
2395,government
2396,politician
2397,company
2398,company
2399,politician
2400,politician
2401,company
2402,company
2403,government
2404,politician
2405,government
2406,government
2407,politician
2408,politician
2409,politician
2410,government
2411,tvshow
2412,company
2413,politician
2414,company
2415,government
2416,company
2417,government
2418,politician
2419,company
2420,company
2421,government
2422,company
2423,government
2424,company
2425,government
2426,company
2427,company
2428,company
2429,company
2430,politician
2431,company
2432,politician
2433,tvshow
2434,politician
2435,government
2436,politician
2437,government
2438,politician
2439,tvshow
2440,politician
2441,tvshow
2442,company
2443,government
2444,politician
2445,government
2446,politician
2447,company
2448,company
2449,company
2450,politician
2451,government
2452,company
2453,politician
2454,company
2455,company
2456,politician
2457,company
2458,company
2459,company
2460,government
2461,government
2462,government
2463,government
2464,government
2465,government
2466,company
2467,tvshow
2468,politician
2469,politician
2470,politician
2471,politician
2472,politician
2473,company
2474,company
2475,government
2476,tvshow
2477,company
2478,tvshow
2479,tvshow
2480,company
2481,company
2482,company
2483,politician
2484,government
2485,government
2486,tvshow
2487,politician
2488,tvshow
2489,politician
2490,government
2491,company
2492,government
2493,politician
2494,company
2495,company
2496,company
2497,government
2498,politician
2499,company
2500,government
2501,politician
2502,company
2503,company
2504,tvshow
2505,tvshow
2506,politician
2507,government
2508,politician
2509,politician
2510,government
2511,company
2512,company
2513,government
2514,government
2515,company
2516,politician
2517,tvshow
2518,politician
2519,government
2520,government
2521,company
2522,company
2523,company
2524,government
2525,politician
2526,government
2527,company
2528,politician
2529,company
2530,company
2531,company
2532,government
2533,tvshow
2534,tvshow
2535,tvshow
2536,company
2537,tvshow
2538,government
2539,company
2540,tvshow
2541,politician
2542,government
2543,company
2544,company
2545,government
2546,politician
2547,tvshow
2548,company
2549,politician
2550,company
2551,government
2552,politician
2553,company
2554,company
2555,tvshow
2556,politician
2557,company
2558,politician
2559,politician
2560,company
2561,company
2562,company
2563,government
2564,government
2565,government
2566,government
2567,government
2568,government
2569,company
2570,tvshow
2571,government
2572,politician
2573,government
2574,government
2575,company
2576,politician
2577,tvshow
2578,company
2579,politician
2580,government
2581,government
2582,company
2583,company
2584,government
2585,government
2586,government
2587,politician
2588,politician
2589,government
2590,government
2591,politician
2592,company
2593,politician
2594,tvshow
2595,government
2596,company
2597,government
2598,company
2599,government
2600,government
2601,tvshow
2602,company
2603,company
2604,tvshow
2605,government
2606,government
2607,politician
2608,company
2609,government
2610,politician
2611,politician
2612,government
2613,politician
2614,politician
2615,tvshow
2616,government
2617,politician
2618,government
2619,company
2620,company
2621,politician
2622,politician
2623,company
2624,tvshow
2625,politician
2626,politician
2627,government
2628,company
2629,government
2630,company
2631,tvshow
2632,tvshow
2633,tvshow
2634,company
2635,company
2636,company
2637,government
2638,company
2639,company
2640,government
2641,tvshow
2642,government
2643,company
2644,politician
2645,government
2646,company
2647,company
2648,government
2649,tvshow
2650,politician
2651,company
2652,government
2653,tvshow
2654,politician
2655,government
2656,government
2657,government
2658,company
2659,tvshow
2660,company
2661,tvshow
2662,company
2663,government
2664,government
2665,politician
2666,government
2667,company
2668,government
2669,tvshow
2670,company
2671,politician
2672,politician
2673,government
2674,government
2675,politician
2676,politician
2677,government
2678,tvshow
2679,government
2680,company
2681,politician
2682,politician
2683,company
2684,government
2685,government
2686,government
2687,company
2688,company
2689,company
2690,tvshow
2691,tvshow
2692,company
2693,tvshow
2694,company
2695,company
2696,politician
2697,company
2698,tvshow
2699,government
2700,tvshow
2701,tvshow
2702,company
2703,company
2704,company
2705,government
2706,company
2707,tvshow
2708,tvshow
2709,government
2710,politician
2711,politician
2712,tvshow
2713,politician
2714,government
2715,government
2716,company
2717,tvshow
2718,company
2719,government
2720,politician
2721,government
2722,company
2723,company
2724,politician
2725,government
2726,tvshow
2727,company
2728,government
2729,company
2730,company
2731,government
2732,company
2733,government
2734,tvshow
2735,politician
2736,tvshow
2737,government
2738,tvshow
2739,government
2740,politician
2741,government
2742,politician
2743,company
2744,tvshow
2745,government
2746,politician
2747,politician
2748,politician
2749,politician
2750,company
2751,government
2752,government
2753,tvshow
2754,politician
2755,politician
2756,tvshow
2757,company
2758,government
2759,politician
2760,government
2761,tvshow
2762,politician
2763,tvshow
2764,tvshow
2765,politician
2766,company
2767,company
2768,government
2769,politician
2770,company
2771,company
2772,politician
2773,company
2774,government
2775,government
2776,politician
2777,government
2778,company
2779,tvshow
2780,politician
2781,politician
2782,government
2783,tvshow
2784,company
2785,company
2786,politician
2787,government
2788,tvshow
2789,company
2790,politician
2791,tvshow
2792,tvshow
2793,tvshow
2794,company
2795,government
2796,government
2797,politician
2798,government
2799,company
2800,company
2801,government
2802,company
2803,government
2804,company
2805,company
2806,government
2807,government
2808,tvshow
2809,politician
2810,government
2811,company
2812,politician
2813,government
2814,government
2815,tvshow
2816,company
2817,politician
2818,politician
2819,politician
2820,government
2821,company
2822,government
2823,government
2824,politician
2825,government
2826,politician
2827,company
2828,politician
2829,tvshow
2830,company
2831,politician
2832,company
2833,government
2834,company
2835,politician
2836,politician
2837,government
2838,company
2839,tvshow
2840,politician
2841,politician
2842,government
2843,company
2844,government
2845,politician
2846,company
2847,government
2848,government
2849,government
2850,company
2851,politician
2852,government
2853,government
2854,company
2855,tvshow
2856,company
2857,government
2858,company
2859,company
2860,government
2861,company
2862,politician
2863,government
2864,company
2865,tvshow
2866,company
2867,politician
2868,politician
2869,politician
2870,politician
2871,government
2872,politician
2873,tvshow
2874,company
2875,government
2876,tvshow
2877,politician
2878,politician
2879,politician
2880,company
2881,government
2882,company
2883,politician
2884,politician
2885,tvshow
2886,government
2887,government
2888,politician
2889,company
2890,politician
2891,tvshow
2892,politician
2893,government
2894,company
2895,company
2896,politician
2897,company
2898,tvshow
2899,politician
2900,tvshow
2901,tvshow
2902,tvshow
2903,politician
2904,company
2905,government
2906,tvshow
2907,tvshow
2908,company
2909,government
2910,company
2911,company
2912,company
2913,tvshow
2914,government
2915,government
2916,tvshow
2917,politician
2918,government
2919,politician
2920,company
2921,company
2922,government
2923,politician
2924,company
2925,company
2926,politician
2927,company
2928,government
2929,company
2930,politician
2931,politician
2932,politician
2933,government
2934,company
2935,government
2936,politician
2937,politician
2938,politician
2939,government
2940,company
2941,government
2942,government
2943,government
2944,government
2945,company
2946,government
2947,politician
2948,tvshow
2949,company
2950,government
2951,politician
2952,company
2953,company
2954,company
2955,politician
2956,government
2957,company
2958,company
2959,company
2960,politician
2961,government
2962,politician
2963,company
2964,company
2965,government
2966,politician
2967,tvshow
2968,government
2969,government
2970,government
2971,government
2972,tvshow
2973,government
2974,government
2975,government
2976,politician
2977,politician
2978,government
2979,government
2980,government
2981,government
2982,government
2983,company
2984,politician
2985,company
2986,politician
2987,company
2988,government
2989,government
2990,politician
2991,tvshow
2992,government
2993,company
2994,company
2995,company
2996,company
2997,company
2998,government
2999,politician
3000,politician
3001,company
3002,company
3003,politician
3004,politician
3005,company
3006,government
3007,government
3008,politician
3009,government
3010,government
3011,company
3012,politician
3013,tvshow
3014,politician
3015,politician
3016,tvshow
3017,politician
3018,company
3019,politician
3020,tvshow
3021,government
3022,government
3023,tvshow
3024,company
3025,government
3026,company
3027,politician
3028,government
3029,politician
3030,politician
3031,tvshow
3032,company
3033,politician
3034,company
3035,company
3036,company
3037,government
3038,government
3039,company
3040,government
3041,government
3042,tvshow
3043,company
3044,government
3045,government
3046,tvshow
3047,government
3048,tvshow
3049,company
3050,politician
3051,politician
3052,tvshow
3053,politician
3054,government
3055,politician
3056,company
3057,company
3058,politician
3059,company
3060,politician
3061,company
3062,company
3063,government
3064,politician
3065,politician
3066,company
3067,government
3068,government
3069,company
3070,company
3071,politician
3072,government
3073,politician
3074,government
3075,tvshow
3076,politician
3077,company
3078,government
3079,tvshow
3080,government
3081,company
3082,tvshow
3083,politician
3084,politician
3085,politician
3086,company
3087,company
3088,tvshow
3089,government
3090,government
3091,government
3092,tvshow
3093,company
3094,politician
3095,government
3096,politician
3097,politician
3098,government
3099,government
3100,company
3101,government
3102,tvshow
3103,government
3104,tvshow
3105,politician
3106,company
3107,politician
3108,politician
3109,politician
3110,company
3111,government
3112,company
3113,company
3114,government
3115,tvshow
3116,government
3117,tvshow
3118,tvshow
3119,company
3120,tvshow
3121,politician
3122,tvshow
3123,tvshow
3124,politician
3125,company
3126,government
3127,government
3128,tvshow
3129,government
3130,company
3131,company
3132,government
3133,company
3134,government
3135,politician
3136,company
3137,politician
3138,company
3139,politician
3140,tvshow
3141,politician
3142,tvshow
3143,government
3144,politician
3145,company
3146,company
3147,politician
3148,politician
3149,company
3150,politician
3151,government
3152,company
3153,company
3154,tvshow
3155,government
3156,politician
3157,politician
3158,company
3159,government
3160,tvshow
3161,politician
3162,company
3163,company
3164,tvshow
3165,company
3166,tvshow
3167,politician
3168,company
3169,politician
3170,tvshow
3171,politician
3172,politician
3173,government
3174,government
3175,government
3176,politician
3177,company
3178,politician
3179,politician
3180,tvshow
3181,government
3182,tvshow
3183,government
3184,company
3185,tvshow
3186,politician
3187,company
3188,company
3189,company
3190,politician
3191,tvshow
3192,politician
3193,politician
3194,tvshow
3195,government
3196,company
3197,company
3198,tvshow
3199,politician
3200,government
3201,company
3202,politician
3203,tvshow
3204,government
3205,government
3206,company
3207,company
3208,politician
3209,politician
3210,tvshow
3211,company
3212,government
3213,tvshow
3214,company
3215,tvshow
3216,company
3217,company
3218,government
3219,company
3220,company
3221,politician
3222,tvshow
3223,government
3224,politician
3225,government
3226,tvshow
3227,politician
3228,company
3229,politician
3230,government
3231,company
3232,politician
3233,company
3234,government
3235,politician
3236,company
3237,government
3238,tvshow
3239,politician
3240,government
3241,tvshow
3242,tvshow
3243,government
3244,politician
3245,government
3246,tvshow
3247,government
3248,company
3249,company
3250,company
3251,company
3252,company
3253,government
3254,politician
3255,company
3256,company
3257,government
3258,government
3259,government
3260,government
3261,politician
3262,company
3263,government
3264,government
3265,company
3266,government
3267,government
3268,tvshow
3269,government
3270,company
3271,government
3272,government
3273,government
3274,company
3275,politician
3276,politician
3277,company
3278,company
3279,government
3280,government
3281,company
3282,company
3283,politician
3284,politician
3285,company
3286,government
3287,politician
3288,politician
3289,tvshow
3290,government
3291,politician
3292,tvshow
3293,tvshow
3294,company
3295,company
3296,government
3297,company
3298,government
3299,politician
3300,tvshow
3301,politician
3302,politician
3303,company
3304,company
3305,tvshow
3306,politician
3307,government
3308,politician
3309,company
3310,tvshow
3311,politician
3312,government
3313,company
3314,politician
3315,politician
3316,company
3317,politician
3318,company
3319,company
3320,politician
3321,company
3322,politician
3323,politician
3324,government
3325,company
3326,company
3327,government
3328,government
3329,government
3330,company
3331,politician
3332,tvshow
3333,tvshow
3334,company
3335,government
3336,tvshow
3337,company
3338,government
3339,company
3340,politician
3341,company
3342,government
3343,government
3344,politician
3345,politician
3346,company
3347,tvshow
3348,politician
3349,tvshow
3350,government
3351,tvshow
3352,politician
3353,politician
3354,government
3355,company
3356,government
3357,politician
3358,politician
3359,tvshow
3360,politician
3361,company
3362,politician
3363,government
3364,politician
3365,politician
3366,company
3367,company
3368,politician
3369,company
3370,politician
3371,government
3372,government
3373,tvshow
3374,tvshow
3375,government
3376,politician
3377,government
3378,company
3379,company
3380,politician
3381,tvshow
3382,politician
3383,government
3384,company
3385,company
3386,politician
3387,government
3388,company
3389,company
3390,government
3391,government
3392,politician
3393,tvshow
3394,government
3395,government
3396,politician
3397,company
3398,politician
3399,politician
3400,company
3401,company
3402,government
3403,politician
3404,politician
3405,government
3406,company
3407,politician
3408,government
3409,tvshow
3410,government
3411,tvshow
3412,company
3413,politician
3414,politician
3415,politician
3416,politician
3417,government
3418,company
3419,tvshow
3420,tvshow
3421,company
3422,company
3423,politician
3424,politician
3425,politician
3426,company
3427,politician
3428,politician
3429,company
3430,politician
3431,company
3432,politician
3433,company
3434,government
3435,politician
3436,company
3437,company
3438,company
3439,company
3440,company
3441,politician
3442,company
3443,company
3444,company
3445,government
3446,politician
3447,government
3448,government
3449,government
3450,tvshow
3451,company
3452,government
3453,politician
3454,politician
3455,politician
3456,government
3457,company
3458,government
3459,politician
3460,politician
3461,company
3462,company
3463,government
3464,government
3465,company
3466,politician
3467,politician
3468,company
3469,company
3470,government
3471,politician
3472,politician
3473,company
3474,politician
3475,government
3476,tvshow
3477,government
3478,politician
3479,company
3480,government
3481,tvshow
3482,politician
3483,company
3484,company
3485,government
3486,company
3487,company
3488,government
3489,company
3490,politician
3491,company
3492,government
3493,government
3494,government
3495,politician
3496,tvshow
3497,company
3498,government
3499,government
3500,government
3501,government
3502,company
3503,government
3504,tvshow
3505,company
3506,government
3507,company
3508,tvshow
3509,politician
3510,government
3511,company
3512,politician
3513,company
3514,politician
3515,government
3516,company
3517,company
3518,politician
3519,government
3520,company
3521,government
3522,government
3523,tvshow
3524,company
3525,company
3526,company
3527,government
3528,government
3529,company
3530,politician
3531,government
3532,politician
3533,tvshow
3534,government
3535,company
3536,politician
3537,tvshow
3538,politician
3539,company
3540,company
3541,company
3542,company
3543,politician
3544,government
3545,politician
3546,government
3547,tvshow
3548,tvshow
3549,government
3550,company
3551,company
3552,company
3553,company
3554,government
3555,government
3556,government
3557,company
3558,company
3559,government
3560,politician
3561,politician
3562,government
3563,company
3564,politician
3565,politician
3566,company
3567,company
3568,government
3569,tvshow
3570,tvshow
3571,company
3572,tvshow
3573,tvshow
3574,company
3575,company
3576,politician
3577,tvshow
3578,tvshow
3579,company
3580,company
3581,politician
3582,tvshow
3583,company
3584,politician
3585,government
3586,company
3587,company
3588,company
3589,government
3590,tvshow
3591,government
3592,company
3593,company
3594,company
3595,tvshow
3596,politician
3597,tvshow
3598,company
3599,politician
3600,government
3601,politician
3602,politician
3603,politician
3604,politician
3605,company
3606,government
3607,government
3608,government
3609,government
3610,politician
3611,politician
3612,politician
3613,company
3614,politician
3615,tvshow
3616,government
3617,tvshow
3618,politician
3619,government
3620,government
3621,company
3622,company
3623,politician
3624,tvshow
3625,politician
3626,government
3627,company
3628,tvshow
3629,government
3630,company
3631,government
3632,company
3633,company
3634,politician
3635,company
3636,politician
3637,government
3638,government
3639,politician
3640,tvshow
3641,tvshow
3642,government
3643,government
3644,company
3645,tvshow
3646,company
3647,government
3648,tvshow
3649,politician
3650,government
3651,government
3652,tvshow
3653,tvshow
3654,government
3655,company
3656,company
3657,government
3658,politician
3659,company
3660,government
3661,tvshow
3662,government
3663,government
3664,tvshow
3665,company
3666,government
3667,company
3668,government
3669,government
3670,government
3671,company
3672,company
3673,government
3674,government
3675,politician
3676,company
3677,politician
3678,government
3679,government
3680,government
3681,politician
3682,company
3683,politician
3684,tvshow
3685,company
3686,politician
3687,company
3688,government
3689,government
3690,politician
3691,company
3692,government
3693,company
3694,government
3695,government
3696,government
3697,company
3698,politician
3699,tvshow
3700,company
3701,government
3702,tvshow
3703,tvshow
3704,company
3705,company
3706,government
3707,government
3708,government
3709,company
3710,tvshow
3711,company
3712,politician
3713,company
3714,government
3715,company
3716,politician
3717,tvshow
3718,politician
3719,politician
3720,tvshow
3721,tvshow
3722,tvshow
3723,politician
3724,company
3725,politician
3726,company
3727,government
3728,politician
3729,politician
3730,government
3731,politician
3732,government
3733,politician
3734,government
3735,politician
3736,government
3737,company
3738,government
3739,politician
3740,politician
3741,government
3742,politician
3743,politician
3744,government
3745,company
3746,government
3747,company
3748,government
3749,politician
3750,politician
3751,company
3752,company
3753,politician
3754,company
3755,company
3756,politician
3757,company
3758,government
3759,tvshow
3760,tvshow
3761,tvshow
3762,politician
3763,politician
3764,government
3765,government
3766,politician
3767,tvshow
3768,politician
3769,politician
3770,politician
3771,company
3772,government
3773,company
3774,government
3775,tvshow
3776,politician
3777,tvshow
3778,politician
3779,government
3780,government
3781,politician
3782,government
3783,company
3784,government
3785,government
3786,politician
3787,company
3788,government
3789,company
3790,company
3791,tvshow
3792,politician
3793,company
3794,government
3795,tvshow
3796,company
3797,company
3798,government
3799,government
3800,tvshow
3801,company
3802,politician
3803,politician
3804,government
3805,politician
3806,government
3807,company
3808,politician
3809,company
3810,government
3811,tvshow
3812,politician
3813,government
3814,politician
3815,government
3816,government
3817,politician
3818,politician
3819,politician
3820,politician
3821,company
3822,government
3823,tvshow
3824,politician
3825,politician
3826,company
3827,company
3828,company
3829,government
3830,government
3831,company
3832,company
3833,government
3834,politician
3835,politician
3836,government
3837,company
3838,politician
3839,politician
3840,government
3841,tvshow
3842,company
3843,company
3844,government
3845,company
3846,government
3847,company
3848,company
3849,government
3850,company
3851,politician
3852,company
3853,tvshow
3854,politician
3855,company
3856,company
3857,politician
3858,politician
3859,company
3860,government
3861,company
3862,politician
3863,tvshow
3864,politician
3865,government
3866,government
3867,government
3868,government
3869,politician
3870,politician
3871,politician
3872,company
3873,tvshow
3874,tvshow
3875,politician
3876,tvshow
3877,politician
3878,company
3879,politician
3880,tvshow
3881,government
3882,government
3883,tvshow
3884,politician
3885,politician
3886,tvshow
3887,government
3888,company
3889,politician
3890,government
3891,government
3892,politician
3893,government
3894,politician
3895,government
3896,tvshow
3897,government
3898,tvshow
3899,government
3900,government
3901,company
3902,politician
3903,government
3904,politician
3905,company
3906,tvshow
3907,politician
3908,tvshow
3909,government
3910,government
3911,tvshow
3912,government
3913,government
3914,company
3915,politician
3916,politician
3917,politician
3918,tvshow
3919,government
3920,company
3921,tvshow
3922,politician
3923,government
3924,company
3925,company
3926,tvshow
3927,company
3928,tvshow
3929,government
3930,company
3931,company
3932,politician
3933,politician
3934,company
3935,politician
3936,government
3937,politician
3938,government
3939,politician
3940,politician
3941,government
3942,government
3943,politician
3944,government
3945,politician
3946,company
3947,politician
3948,company
3949,government
3950,company
3951,government
3952,politician
3953,politician
3954,politician
3955,company
3956,company
3957,politician
3958,government
3959,government
3960,politician
3961,politician
3962,politician
3963,company
3964,politician
3965,government
3966,government
3967,politician
3968,company
3969,politician
3970,politician
3971,politician
3972,government
3973,government
3974,government
3975,politician
3976,government
3977,politician
3978,government
3979,government
3980,company
3981,politician
3982,tvshow
3983,politician
3984,politician
3985,company
3986,company
3987,tvshow
3988,company
3989,politician
3990,government
3991,politician
3992,politician
3993,tvshow
3994,politician
3995,government
3996,company
3997,government
3998,politician
3999,politician
4000,government
4001,politician
4002,government
4003,government
4004,government
4005,politician
4006,politician
4007,tvshow
4008,government
4009,company
4010,government
4011,politician
4012,government
4013,politician
4014,company
4015,tvshow
4016,company
4017,government
4018,tvshow
4019,tvshow
4020,government
4021,tvshow
4022,politician
4023,government
4024,government
4025,company
4026,tvshow
4027,company
4028,company
4029,government
4030,company
4031,company
4032,tvshow
4033,company
4034,government
4035,politician
4036,politician
4037,government
4038,company
4039,government
4040,company
4041,government
4042,government
4043,government
4044,company
4045,government
4046,government
4047,company
4048,company
4049,tvshow
4050,politician
4051,politician
4052,tvshow
4053,company
4054,politician
4055,government
4056,company
4057,government
4058,government
4059,company
4060,company
4061,politician
4062,government
4063,government
4064,politician
4065,government
4066,government
4067,politician
4068,company
4069,government
4070,company
4071,government
4072,government
4073,politician
4074,government
4075,government
4076,government
4077,tvshow
4078,tvshow
4079,company
4080,company
4081,company
4082,company
4083,company
4084,company
4085,politician
4086,company
4087,company
4088,government
4089,government
4090,politician
4091,government
4092,company
4093,company
4094,company
4095,company
4096,tvshow
4097,tvshow
4098,government
4099,company
4100,politician
4101,company
4102,tvshow
4103,politician
4104,tvshow
4105,company
4106,government
4107,government
4108,politician
4109,politician
4110,politician
4111,company
4112,company
4113,government
4114,company
4115,politician
4116,government
4117,company
4118,politician
4119,tvshow
4120,politician
4121,politician
4122,politician
4123,tvshow
4124,company
4125,company
4126,politician
4127,tvshow
4128,company
4129,politician
4130,government
4131,politician
4132,government
4133,company
4134,politician
4135,tvshow
4136,politician
4137,company
4138,government
4139,government
4140,company
4141,company
4142,company
4143,government
4144,company
4145,company
4146,company
4147,company
4148,government
4149,government
4150,company
4151,tvshow
4152,politician
4153,politician
4154,government
4155,tvshow
4156,government
4157,company
4158,government
4159,government
4160,government
4161,politician
4162,company
4163,politician
4164,government
4165,tvshow
4166,company
4167,company
4168,government
4169,tvshow
4170,company
4171,company
4172,company
4173,tvshow
4174,tvshow
4175,company
4176,tvshow
4177,tvshow
4178,politician
4179,tvshow
4180,government
4181,government
4182,politician
4183,politician
4184,politician
4185,politician
4186,government
4187,tvshow
4188,tvshow
4189,politician
4190,company
4191,government
4192,government
4193,government
4194,government
4195,company
4196,politician
4197,tvshow
4198,politician
4199,tvshow
4200,company
4201,politician
4202,government
4203,politician
4204,company
4205,government
4206,tvshow
4207,politician
4208,politician
4209,politician
4210,government
4211,tvshow
4212,politician
4213,tvshow
4214,company
4215,politician
4216,company
4217,company
4218,company
4219,government
4220,tvshow
4221,government
4222,company
4223,company
4224,company
4225,government
4226,government
4227,politician
4228,government
4229,company
4230,politician
4231,tvshow
4232,tvshow
4233,politician
4234,government
4235,company
4236,government
4237,politician
4238,tvshow
4239,company
4240,politician
4241,politician
4242,politician
4243,company
4244,government
4245,company
4246,company
4247,government
4248,tvshow
4249,politician
4250,government
4251,tvshow
4252,politician
4253,politician
4254,government
4255,company
4256,politician
4257,politician
4258,company
4259,politician
4260,government
4261,company
4262,company
4263,politician
4264,government
4265,tvshow
4266,tvshow
4267,politician
4268,politician
4269,company
4270,tvshow
4271,government
4272,government
4273,company
4274,tvshow
4275,company
4276,company
4277,company
4278,tvshow
4279,tvshow
4280,company
4281,company
4282,government
4283,company
4284,government
4285,government
4286,government
4287,politician
4288,government
4289,politician
4290,company
4291,company
4292,politician
4293,government
4294,tvshow
4295,company
4296,politician
4297,tvshow
4298,politician
4299,government
4300,tvshow
4301,politician
4302,politician
4303,government
4304,politician
4305,company
4306,government
4307,company
4308,government
4309,company
4310,company
4311,company
4312,company
4313,government
4314,politician
4315,politician
4316,government
4317,company
4318,tvshow
4319,company
4320,politician
4321,government
4322,company
4323,company
4324,government
4325,company
4326,politician
4327,politician
4328,government
4329,government
4330,government
4331,government
4332,company
4333,politician
4334,company
4335,tvshow
4336,politician
4337,company
4338,government
4339,tvshow
4340,company
4341,tvshow
4342,government
4343,politician
4344,government
4345,politician
4346,government
4347,politician
4348,politician
4349,company
4350,tvshow
4351,government
4352,government
4353,tvshow
4354,company
4355,company
4356,company
4357,tvshow
4358,politician
4359,government
4360,company
4361,politician
4362,government
4363,government
4364,tvshow
4365,tvshow
4366,tvshow
4367,politician
4368,government
4369,company
4370,government
4371,politician
4372,government
4373,tvshow
4374,government
4375,government
4376,tvshow
4377,government
4378,politician
4379,government
4380,government
4381,politician
4382,company
4383,government
4384,politician
4385,government
4386,government
4387,tvshow
4388,government
4389,government
4390,company
4391,politician
4392,tvshow
4393,company
4394,government
4395,politician
4396,government
4397,company
4398,politician
4399,tvshow
4400,government
4401,government
4402,tvshow
4403,politician
4404,politician
4405,politician
4406,politician
4407,government
4408,company
4409,company
4410,politician
4411,politician
4412,government
4413,company
4414,company
4415,government
4416,government
4417,politician
4418,company
4419,company
4420,politician
4421,government
4422,company
4423,company
4424,politician
4425,tvshow
4426,politician
4427,politician
4428,company
4429,politician
4430,government
4431,company
4432,government
4433,tvshow
4434,company
4435,government
4436,politician
4437,tvshow
4438,government
4439,company
4440,politician
4441,government
4442,tvshow
4443,company
4444,tvshow
4445,government
4446,politician
4447,company
4448,tvshow
4449,company
4450,company
4451,company
4452,government
4453,politician
4454,government
4455,company
4456,company
4457,government
4458,tvshow
4459,government
4460,company
4461,tvshow
4462,government
4463,politician
4464,company
4465,government
4466,politician
4467,government
4468,company
4469,government
4470,politician
4471,government
4472,government
4473,politician
4474,politician
4475,company
4476,government
4477,company
4478,politician
4479,politician
4480,company
4481,tvshow
4482,politician
4483,company
4484,government
4485,politician
4486,government
4487,government
4488,government
4489,politician
4490,tvshow
4491,government
4492,politician
4493,government
4494,company
4495,government
4496,politician
4497,company
4498,politician
4499,government
4500,government
4501,company
4502,company
4503,government
4504,government
4505,company
4506,company
4507,politician
4508,politician
4509,politician
4510,politician
4511,government
4512,politician
4513,company
4514,company
4515,politician
4516,company
4517,government
4518,tvshow
4519,government
4520,politician
4521,government
4522,company
4523,politician
4524,government
4525,tvshow
4526,company
4527,tvshow
4528,tvshow
4529,company
4530,politician
4531,politician
4532,company
4533,government
4534,politician
4535,politician
4536,politician
4537,politician
4538,politician
4539,tvshow
4540,company
4541,government
4542,company
4543,politician
4544,government
4545,government
4546,company
4547,company
4548,company
4549,politician
4550,politician
4551,government
4552,tvshow
4553,company
4554,company
4555,company
4556,company
4557,tvshow
4558,company
4559,tvshow
4560,government
4561,government
4562,government
4563,politician
4564,tvshow
4565,company
4566,politician
4567,company
4568,politician
4569,government
4570,politician
4571,tvshow
4572,tvshow
4573,tvshow
4574,tvshow
4575,government
4576,politician
4577,company
4578,politician
4579,politician
4580,government
4581,company
4582,tvshow
4583,tvshow
4584,tvshow
4585,company
4586,government
4587,company
4588,tvshow
4589,politician
4590,government
4591,company
4592,tvshow
4593,politician
4594,tvshow
4595,company
4596,politician
4597,politician
4598,politician
4599,government
4600,tvshow
4601,government
4602,company
4603,company
4604,politician
4605,company
4606,government
4607,company
4608,politician
4609,company
4610,politician
4611,company
4612,tvshow
4613,politician
4614,company
4615,tvshow
4616,government
4617,government
4618,politician
4619,tvshow
4620,company
4621,politician
4622,politician
4623,tvshow
4624,company
4625,government
4626,tvshow
4627,company
4628,company
4629,government
4630,company
4631,government
4632,company
4633,government
4634,government
4635,government
4636,government
4637,politician
4638,company
4639,company
4640,company
4641,government
4642,company
4643,company
4644,government
4645,tvshow
4646,company
4647,politician
4648,government
4649,politician
4650,company
4651,government
4652,government
4653,company
4654,tvshow
4655,politician
4656,tvshow
4657,government
4658,government
4659,government
4660,company
4661,politician
4662,politician
4663,government
4664,company
4665,company
4666,tvshow
4667,company
4668,politician
4669,politician
4670,government
4671,government
4672,government
4673,government
4674,tvshow
4675,politician
4676,tvshow
4677,government
4678,politician
4679,company
4680,politician
4681,government
4682,government
4683,politician
4684,government
4685,government
4686,company
4687,government
4688,politician
4689,government
4690,government
4691,tvshow
4692,company
4693,tvshow
4694,tvshow
4695,government
4696,company
4697,politician
4698,tvshow
4699,politician
4700,company
4701,politician
4702,tvshow
4703,government
4704,company
4705,tvshow
4706,tvshow
4707,company
4708,government
4709,company
4710,tvshow
4711,company
4712,government
4713,government
4714,company
4715,government
4716,politician
4717,tvshow
4718,politician
4719,politician
4720,politician
4721,politician
4722,company
4723,tvshow
4724,company
4725,tvshow
4726,government
4727,tvshow
4728,politician
4729,company
4730,government
4731,politician
4732,politician
4733,politician
4734,tvshow
4735,politician
4736,government
4737,company
4738,government
4739,politician
4740,company
4741,company
4742,government
4743,government
4744,politician
4745,government
4746,politician
4747,government
4748,government
4749,politician
4750,politician
4751,government
4752,tvshow
4753,tvshow
4754,politician
4755,government
4756,politician
4757,company
4758,company
4759,politician
4760,government
4761,tvshow
4762,government
4763,politician
4764,government
4765,company
4766,tvshow
4767,government
4768,politician
4769,government
4770,government
4771,politician
4772,politician
4773,government
4774,government
4775,government
4776,company
4777,company
4778,tvshow
4779,company
4780,government
4781,company
4782,company
4783,company
4784,tvshow
4785,company
4786,politician
4787,government
4788,government
4789,company
4790,tvshow
4791,politician
4792,company
4793,politician
4794,company
4795,government
4796,government
4797,tvshow
4798,company
4799,company
4800,company
4801,politician
4802,tvshow
4803,company
4804,tvshow
4805,government
4806,company
4807,government
4808,government
4809,politician
4810,tvshow
4811,tvshow
4812,company
4813,politician
4814,politician
4815,government
4816,company
4817,government
4818,government
4819,politician
4820,politician
4821,company
4822,politician
4823,politician
4824,company
4825,politician
4826,government
4827,company
4828,tvshow
4829,company
4830,government
4831,politician
4832,tvshow
4833,politician
4834,politician
4835,tvshow
4836,company
4837,company
4838,company
4839,politician
4840,politician
4841,government
4842,company
4843,company
4844,government
4845,company
4846,company
4847,company
4848,tvshow
4849,company
4850,company
4851,company
4852,company
4853,tvshow
4854,company
4855,government
4856,government
4857,government
4858,tvshow
4859,government
4860,tvshow
4861,company
4862,tvshow
4863,tvshow
4864,government
4865,company
4866,politician
4867,tvshow
4868,tvshow
4869,politician
4870,politician
4871,government
4872,politician
4873,government
4874,government
4875,politician
4876,company
4877,government
4878,government
4879,government
4880,tvshow
4881,tvshow
4882,tvshow
4883,politician
4884,tvshow
4885,government
4886,government
4887,company
4888,tvshow
4889,tvshow
4890,politician
4891,company
4892,politician
4893,government
4894,politician
4895,company
4896,government
4897,tvshow
4898,government
4899,company
4900,government
4901,tvshow
4902,government
4903,company
4904,tvshow
4905,tvshow
4906,tvshow
4907,government
4908,politician
4909,politician
4910,company
4911,politician
4912,government
4913,company
4914,politician
4915,politician
4916,company
4917,tvshow
4918,tvshow
4919,politician
4920,company
4921,tvshow
4922,politician
4923,government
4924,company
4925,company
4926,politician
4927,company
4928,government
4929,company
4930,tvshow
4931,company
4932,company
4933,company
4934,politician
4935,company
4936,company
4937,government
4938,politician
4939,government
4940,government
4941,tvshow
4942,company
4943,company
4944,government
4945,tvshow
4946,politician
4947,government
4948,government
4949,government
4950,company
4951,government
4952,tvshow
4953,politician
4954,government
4955,politician
4956,company
4957,company
4958,company
4959,company
4960,company
4961,government
4962,company
4963,politician
4964,politician
4965,government
4966,politician
4967,politician
4968,politician
4969,government
4970,government
4971,politician
4972,tvshow
4973,tvshow
4974,politician
4975,government
4976,government
4977,government
4978,politician
4979,politician
4980,company
4981,government
4982,politician
4983,company
4984,company
4985,company
4986,company
4987,politician
4988,government
4989,tvshow
4990,tvshow
4991,politician
4992,government
4993,government
4994,government
4995,tvshow
4996,government
4997,government
4998,tvshow
4999,politician
5000,tvshow
5001,politician
5002,politician
5003,company
5004,politician
5005,company
5006,company
5007,politician
5008,government
5009,company
5010,tvshow
5011,tvshow
5012,government
5013,government
5014,politician
5015,tvshow
5016,government
5017,company
5018,tvshow
5019,company
5020,government
5021,tvshow
5022,tvshow
5023,politician
5024,politician
5025,government
5026,politician
5027,company
5028,company
5029,politician
5030,government
5031,government
5032,politician
5033,tvshow
5034,government
5035,politician
5036,tvshow
5037,politician
5038,government
5039,politician
5040,tvshow
5041,tvshow
5042,tvshow
5043,company
5044,company
5045,tvshow
5046,tvshow
5047,government
5048,tvshow
5049,politician
5050,politician
5051,tvshow
5052,government
5053,government
5054,company
5055,politician
5056,politician
5057,company
5058,government
5059,politician
5060,company
5061,tvshow
5062,politician
5063,company
5064,government
5065,government
5066,tvshow
5067,politician
5068,company
5069,government
5070,politician
5071,tvshow
5072,politician
5073,company
5074,government
5075,company
5076,company
5077,government
5078,company
5079,company
5080,politician
5081,politician
5082,government
5083,tvshow
5084,government
5085,company
5086,government
5087,company
5088,company
5089,company
5090,company
5091,politician
5092,government
5093,government
5094,government
5095,politician
5096,company
5097,politician
5098,politician
5099,government
5100,government
5101,company
5102,tvshow
5103,company
5104,company
5105,tvshow
5106,company
5107,government
5108,company
5109,tvshow
5110,company
5111,government
5112,government
5113,government
5114,tvshow
5115,company
5116,company
5117,politician
5118,tvshow
5119,company
5120,politician
5121,government
5122,company
5123,politician
5124,politician
5125,government
5126,politician
5127,company
5128,politician
5129,company
5130,company
5131,politician
5132,tvshow
5133,government
5134,politician
5135,tvshow
5136,politician
5137,company
5138,politician
5139,tvshow
5140,politician
5141,government
5142,government
5143,politician
5144,government
5145,politician
5146,tvshow
5147,company
5148,politician
5149,politician
5150,government
5151,company
5152,company
5153,tvshow
5154,company
5155,tvshow
5156,politician
5157,tvshow
5158,company
5159,politician
5160,company
5161,company
5162,company
5163,government
5164,company
5165,company
5166,tvshow
5167,government
5168,tvshow
5169,government
5170,company
5171,company
5172,government
5173,government
5174,company
5175,government
5176,company
5177,government
5178,tvshow
5179,politician
5180,politician
5181,company
5182,company
5183,company
5184,government
5185,company
5186,tvshow
5187,tvshow
5188,government
5189,politician
5190,company
5191,company
5192,government
5193,government
5194,company
5195,company
5196,politician
5197,politician
5198,politician
5199,tvshow
5200,company
5201,tvshow
5202,tvshow
5203,tvshow
5204,government
5205,politician
5206,company
5207,politician
5208,government
5209,politician
5210,tvshow
5211,company
5212,company
5213,government
5214,politician
5215,company
5216,government
5217,tvshow
5218,tvshow
5219,government
5220,company
5221,company
5222,politician
5223,government
5224,company
5225,politician
5226,government
5227,government
5228,politician
5229,government
5230,tvshow
5231,company
5232,politician
5233,company
5234,politician
5235,tvshow
5236,politician
5237,government
5238,politician
5239,company
5240,tvshow
5241,tvshow
5242,government
5243,government
5244,company
5245,company
5246,politician
5247,tvshow
5248,government
5249,politician
5250,politician
5251,politician
5252,company
5253,government
5254,politician
5255,company
5256,government
5257,politician
5258,politician
5259,government
5260,government
5261,company
5262,government
5263,tvshow
5264,politician
5265,tvshow
5266,government
5267,company
5268,company
5269,government
5270,government
5271,tvshow
5272,tvshow
5273,government
5274,company
5275,politician
5276,government
5277,politician
5278,government
5279,politician
5280,tvshow
5281,government
5282,company
5283,government
5284,government
5285,politician
5286,government
5287,politician
5288,government
5289,politician
5290,politician
5291,tvshow
5292,company
5293,politician
5294,company
5295,government
5296,tvshow
5297,company
5298,government
5299,tvshow
5300,government
5301,tvshow
5302,government
5303,tvshow
5304,politician
5305,politician
5306,company
5307,government
5308,government
5309,politician
5310,company
5311,politician
5312,tvshow
5313,government
5314,politician
5315,politician
5316,company
5317,government
5318,tvshow
5319,government
5320,company
5321,company
5322,company
5323,politician
5324,politician
5325,government
5326,government
5327,politician
5328,politician
5329,politician
5330,government
5331,tvshow
5332,politician
5333,politician
5334,company
5335,company
5336,politician
5337,company
5338,company
5339,government
5340,government
5341,government
5342,politician
5343,company
5344,government
5345,politician
5346,government
5347,company
5348,politician
5349,government
5350,company
5351,politician
5352,tvshow
5353,government
5354,politician
5355,government
5356,company
5357,politician
5358,company
5359,tvshow
5360,company
5361,politician
5362,government
5363,company
5364,government
5365,company
5366,tvshow
5367,tvshow
5368,tvshow
5369,government
5370,politician
5371,government
5372,tvshow
5373,government
5374,government
5375,company
5376,tvshow
5377,politician
5378,politician
5379,company
5380,government
5381,company
5382,company
5383,government
5384,government
5385,tvshow
5386,company
5387,politician
5388,government
5389,government
5390,tvshow
5391,government
5392,politician
5393,tvshow
5394,government
5395,tvshow
5396,tvshow
5397,company
5398,company
5399,government
5400,company
5401,company
5402,company
5403,politician
5404,government
5405,politician
5406,company
5407,tvshow
5408,tvshow
5409,politician
5410,politician
5411,company
5412,company
5413,government
5414,company
5415,company
5416,tvshow
5417,politician
5418,company
5419,tvshow
5420,company
5421,company
5422,tvshow
5423,company
5424,company
5425,company
5426,politician
5427,politician
5428,government
5429,government
5430,politician
5431,politician
5432,government
5433,government
5434,government
5435,politician
5436,company
5437,politician
5438,government
5439,company
5440,politician
5441,government
5442,tvshow
5443,government
5444,government
5445,politician
5446,company
5447,politician
5448,company
5449,politician
5450,company
5451,government
5452,government
5453,company
5454,company
5455,company
5456,politician
5457,company
5458,tvshow
5459,government
5460,tvshow
5461,government
5462,government
5463,company
5464,tvshow
5465,government
5466,government
5467,politician
5468,company
5469,politician
5470,government
5471,politician
5472,politician
5473,politician
5474,politician
5475,government
5476,politician
5477,government
5478,politician
5479,government
5480,politician
5481,politician
5482,company
5483,politician
5484,tvshow
5485,government
5486,politician
5487,company
5488,government
5489,politician
5490,politician
5491,company
5492,company
5493,company
5494,tvshow
5495,company
5496,government
5497,government
5498,company
5499,politician
5500,company
5501,company
5502,politician
5503,company
5504,politician
5505,politician
5506,company
5507,politician
5508,company
5509,government
5510,politician
5511,government
5512,government
5513,tvshow
5514,government
5515,government
5516,politician
5517,government
5518,government
5519,government
5520,government
5521,government
5522,company
5523,company
5524,company
5525,politician
5526,tvshow
5527,tvshow
5528,politician
5529,tvshow
5530,tvshow
5531,tvshow
5532,tvshow
5533,politician
5534,company
5535,company
5536,politician
5537,politician
5538,government
5539,government
5540,government
5541,government
5542,company
5543,politician
5544,politician
5545,company
5546,company
5547,politician
5548,politician
5549,company
5550,company
5551,government
5552,company
5553,company
5554,government
5555,politician
5556,politician
5557,government
5558,company
5559,government
5560,government
5561,politician
5562,company
5563,government
5564,company
5565,tvshow
5566,government
5567,tvshow
5568,company
5569,company
5570,politician
5571,government
5572,politician
5573,government
5574,company
5575,politician
5576,politician
5577,company
5578,politician
5579,government
5580,politician
5581,government
5582,politician
5583,politician
5584,politician
5585,politician
5586,government
5587,politician
5588,government
5589,government
5590,tvshow
5591,company
5592,politician
5593,politician
5594,politician
5595,company
5596,politician
5597,politician
5598,tvshow
5599,government
5600,politician
5601,politician
5602,politician
5603,government
5604,company
5605,company
5606,company
5607,politician
5608,politician
5609,government
5610,tvshow
5611,tvshow
5612,tvshow
5613,company
5614,government
5615,government
5616,company
5617,company
5618,government
5619,politician
5620,government
5621,government
5622,company
5623,government
5624,government
5625,company
5626,politician
5627,government
5628,company
5629,government
5630,politician
5631,government
5632,company
5633,government
5634,tvshow
5635,politician
5636,company
5637,government
5638,company
5639,government
5640,government
5641,tvshow
5642,company
5643,politician
5644,company
5645,politician
5646,tvshow
5647,tvshow
5648,government
5649,government
5650,tvshow
5651,government
5652,politician
5653,government
5654,politician
5655,company
5656,government
5657,company
5658,company
5659,government
5660,tvshow
5661,government
5662,company
5663,politician
5664,politician
5665,politician
5666,politician
5667,tvshow
5668,tvshow
5669,company
5670,government
5671,company
5672,tvshow
5673,politician
5674,politician
5675,tvshow
5676,company
5677,tvshow
5678,politician
5679,politician
5680,company
5681,company
5682,politician
5683,government
5684,government
5685,government
5686,tvshow
5687,company
5688,tvshow
5689,company
5690,company
5691,company
5692,government
5693,company
5694,government
5695,company
5696,government
5697,tvshow
5698,politician
5699,government
5700,politician
5701,politician
5702,company
5703,politician
5704,government
5705,company
5706,government
5707,company
5708,company
5709,politician
5710,government
5711,government
5712,tvshow
5713,politician
5714,tvshow
5715,government
5716,government
5717,company
5718,company
5719,company
5720,tvshow
5721,government
5722,company
5723,company
5724,tvshow
5725,politician
5726,company
5727,government
5728,politician
5729,company
5730,government
5731,politician
5732,tvshow
5733,politician
5734,company
5735,company
5736,politician
5737,politician
5738,politician
5739,politician
5740,company
5741,company
5742,company
5743,tvshow
5744,company
5745,politician
5746,tvshow
5747,government
5748,politician
5749,government
5750,government
5751,politician
5752,politician
5753,politician
5754,company
5755,company
5756,government
5757,tvshow
5758,politician
5759,company
5760,government
5761,company
5762,government
5763,tvshow
5764,company
5765,government
5766,tvshow
5767,company
5768,politician
5769,politician
5770,company
5771,politician
5772,politician
5773,company
5774,politician
5775,government
5776,tvshow
5777,company
5778,politician
5779,government
5780,company
5781,politician
5782,company
5783,politician
5784,politician
5785,company
5786,politician
5787,politician
5788,government
5789,politician
5790,tvshow
5791,politician
5792,politician
5793,politician
5794,company
5795,tvshow
5796,politician
5797,company
5798,tvshow
5799,company
5800,politician
5801,government
5802,politician
5803,government
5804,government
5805,tvshow
5806,politician
5807,company
5808,government
5809,government
5810,politician
5811,company
5812,company
5813,government
5814,government
5815,government
5816,tvshow
5817,politician
5818,company
5819,company
5820,tvshow
5821,tvshow
5822,politician
5823,government
5824,government
5825,politician
5826,company
5827,government
5828,company
5829,politician
5830,government
5831,government
5832,tvshow
5833,company
5834,company
5835,tvshow
5836,politician
5837,government
5838,government
5839,government
5840,politician
5841,company
5842,company
5843,company
5844,government
5845,politician
5846,company
5847,company
5848,government
5849,politician
5850,company
5851,tvshow
5852,tvshow
5853,politician
5854,tvshow
5855,politician
5856,government
5857,government
5858,company
5859,tvshow
5860,politician
5861,company
5862,politician
5863,politician
5864,government
5865,politician
5866,politician
5867,government
5868,government
5869,tvshow
5870,government
5871,politician
5872,politician
5873,government
5874,government
5875,tvshow
5876,company
5877,company
5878,politician
5879,government
5880,government
5881,company
5882,politician
5883,government
5884,politician
5885,company
5886,company
5887,tvshow
5888,company
5889,company
5890,politician
5891,company
5892,government
5893,government
5894,tvshow
5895,government
5896,politician
5897,government
5898,government
5899,company
5900,politician
5901,government
5902,politician
5903,tvshow
5904,politician
5905,government
5906,company
5907,politician
5908,company
5909,politician
5910,politician
5911,government
5912,company
5913,company
5914,politician
5915,company
5916,company
5917,politician
5918,politician
5919,government
5920,government
5921,government
5922,politician
5923,company
5924,politician
5925,company
5926,tvshow
5927,government
5928,government
5929,politician
5930,government
5931,government
5932,government
5933,politician
5934,company
5935,tvshow
5936,tvshow
5937,company
5938,government
5939,government
5940,company
5941,government
5942,tvshow
5943,government
5944,government
5945,politician
5946,politician
5947,tvshow
5948,government
5949,tvshow
5950,government
5951,tvshow
5952,government
5953,government
5954,government
5955,company
5956,company
5957,politician
5958,company
5959,tvshow
5960,company
5961,politician
5962,politician
5963,politician
5964,politician
5965,company
5966,company
5967,government
5968,politician
5969,politician
5970,tvshow
5971,politician
5972,tvshow
5973,company
5974,company
5975,company
5976,government
5977,company
5978,government
5979,tvshow
5980,company
5981,politician
5982,government
5983,government
5984,politician
5985,government
5986,government
5987,tvshow
5988,politician
5989,government
5990,tvshow
5991,company
5992,politician
5993,politician
5994,government
5995,government
5996,politician
5997,politician
5998,politician
5999,company
6000,tvshow
6001,government
6002,government
6003,tvshow
6004,tvshow
6005,company
6006,politician
6007,politician
6008,company
6009,government
6010,politician
6011,politician
6012,company
6013,politician
6014,tvshow
6015,company
6016,company
6017,politician
6018,company
6019,politician
6020,politician
6021,politician
6022,government
6023,company
6024,tvshow
6025,government
6026,government
6027,government
6028,government
6029,company
6030,tvshow
6031,politician
6032,company
6033,government
6034,politician
6035,politician
6036,politician
6037,politician
6038,government
6039,government
6040,government
6041,government
6042,government
6043,government
6044,company
6045,tvshow
6046,government
6047,politician
6048,politician
6049,company
6050,politician
6051,politician
6052,company
6053,government
6054,company
6055,tvshow
6056,politician
6057,government
6058,government
6059,government
6060,government
6061,government
6062,company
6063,company
6064,politician
6065,politician
6066,company
6067,government
6068,tvshow
6069,tvshow
6070,government
6071,politician
6072,politician
6073,government
6074,tvshow
6075,tvshow
6076,government
6077,company
6078,company
6079,government
6080,company
6081,government
6082,company
6083,tvshow
6084,government
6085,politician
6086,government
6087,government
6088,tvshow
6089,politician
6090,tvshow
6091,government
6092,government
6093,company
6094,politician
6095,company
6096,government
6097,government
6098,company
6099,tvshow
6100,tvshow
6101,government
6102,government
6103,government
6104,government
6105,politician
6106,tvshow
6107,company
6108,government
6109,government
6110,politician
6111,politician
6112,company
6113,politician
6114,politician
6115,company
6116,company
6117,government
6118,company
6119,politician
6120,company
6121,politician
6122,politician
6123,company
6124,company
6125,company
6126,government
6127,company
6128,company
6129,government
6130,government
6131,company
6132,government
6133,government
6134,government
6135,company
6136,company
6137,politician
6138,government
6139,company
6140,politician
6141,tvshow
6142,government
6143,government
6144,tvshow
6145,government
6146,company
6147,government
6148,tvshow
6149,tvshow
6150,politician
6151,government
6152,government
6153,government
6154,politician
6155,government
6156,politician
6157,politician
6158,tvshow
6159,company
6160,politician
6161,government
6162,politician
6163,government
6164,government
6165,politician
6166,tvshow
6167,government
6168,politician
6169,company
6170,politician
6171,government
6172,government
6173,politician
6174,government
6175,company
6176,government
6177,company
6178,company
6179,tvshow
6180,politician
6181,company
6182,government
6183,company
6184,company
6185,company
6186,politician
6187,politician
6188,government
6189,tvshow
6190,government
6191,company
6192,company
6193,government
6194,politician
6195,company
6196,politician
6197,government
6198,politician
6199,tvshow
6200,tvshow
6201,government
6202,company
6203,government
6204,politician
6205,politician
6206,company
6207,tvshow
6208,politician
6209,politician
6210,company
6211,tvshow
6212,politician
6213,company
6214,tvshow
6215,government
6216,company
6217,company
6218,politician
6219,government
6220,government
6221,politician
6222,tvshow
6223,government
6224,company
6225,politician
6226,government
6227,tvshow
6228,company
6229,politician
6230,politician
6231,government
6232,government
6233,government
6234,politician
6235,company
6236,company
6237,politician
6238,company
6239,government
6240,government
6241,government
6242,government
6243,tvshow
6244,government
6245,politician
6246,company
6247,company
6248,politician
6249,tvshow
6250,government
6251,company
6252,government
6253,company
6254,politician
6255,tvshow
6256,government
6257,politician
6258,politician
6259,government
6260,company
6261,company
6262,company
6263,company
6264,politician
6265,government
6266,company
6267,government
6268,company
6269,company
6270,politician
6271,company
6272,company
6273,tvshow
6274,company
6275,government
6276,tvshow
6277,politician
6278,politician
6279,company
6280,company
6281,government
6282,tvshow
6283,tvshow
6284,politician
6285,government
6286,company
6287,company
6288,government
6289,tvshow
6290,company
6291,government
6292,politician
6293,politician
6294,company
6295,government
6296,company
6297,tvshow
6298,politician
6299,tvshow
6300,government
6301,politician
6302,politician
6303,politician
6304,politician
6305,government
6306,government
6307,company
6308,government
6309,government
6310,politician
6311,company
6312,politician
6313,tvshow
6314,government
6315,company
6316,politician
6317,government
6318,politician
6319,politician
6320,politician
6321,politician
6322,company
6323,politician
6324,government
6325,tvshow
6326,company
6327,tvshow
6328,company
6329,politician
6330,politician
6331,tvshow
6332,government
6333,politician
6334,tvshow
6335,company
6336,government
6337,politician
6338,government
6339,government
6340,government
6341,company
6342,tvshow
6343,government
6344,company
6345,tvshow
6346,government
6347,tvshow
6348,government
6349,government
6350,government
6351,tvshow
6352,politician
6353,company
6354,company
6355,politician
6356,politician
6357,company
6358,politician
6359,politician
6360,politician
6361,government
6362,government
6363,company
6364,company
6365,company
6366,politician
6367,government
6368,company
6369,company
6370,politician
6371,politician
6372,government
6373,tvshow
6374,government
6375,government
6376,government
6377,politician
6378,government
6379,politician
6380,politician
6381,tvshow
6382,company
6383,company
6384,government
6385,politician
6386,tvshow
6387,company
6388,company
6389,tvshow
6390,politician
6391,tvshow
6392,tvshow
6393,government
6394,politician
6395,company
6396,politician
6397,politician
6398,government
6399,tvshow
6400,politician
6401,government
6402,company
6403,politician
6404,tvshow
6405,government
6406,company
6407,politician
6408,company
6409,government
6410,government
6411,government
6412,tvshow
6413,tvshow
6414,politician
6415,government
6416,government
6417,company
6418,politician
6419,tvshow
6420,government
6421,politician
6422,government
6423,government
6424,government
6425,politician
6426,company
6427,government
6428,politician
6429,politician
6430,politician
6431,tvshow
6432,company
6433,company
6434,tvshow
6435,politician
6436,government
6437,government
6438,company
6439,politician
6440,company
6441,politician
6442,government
6443,tvshow
6444,government
6445,government
6446,tvshow
6447,tvshow
6448,company
6449,politician
6450,company
6451,government
6452,company
6453,company
6454,government
6455,company
6456,politician
6457,politician
6458,company
6459,government
6460,government
6461,government
6462,company
6463,politician
6464,tvshow
6465,politician
6466,company
6467,politician
6468,tvshow
6469,company
6470,company
6471,government
6472,tvshow
6473,politician
6474,government
6475,politician
6476,company
6477,company
6478,politician
6479,tvshow
6480,politician
6481,politician
6482,government
6483,government
6484,politician
6485,government
6486,government
6487,government
6488,company
6489,company
6490,tvshow
6491,government
6492,politician
6493,government
6494,politician
6495,politician
6496,politician
6497,government
6498,company
6499,government
6500,tvshow
6501,politician
6502,company
6503,politician
6504,politician
6505,government
6506,tvshow
6507,company
6508,company
6509,company
6510,politician
6511,tvshow
6512,company
6513,government
6514,company
6515,politician
6516,politician
6517,government
6518,company
6519,company
6520,government
6521,politician
6522,company
6523,politician
6524,politician
6525,tvshow
6526,government
6527,company
6528,tvshow
6529,politician
6530,company
6531,company
6532,company
6533,company
6534,politician
6535,tvshow
6536,company
6537,government
6538,tvshow
6539,company
6540,politician
6541,government
6542,company
6543,politician
6544,government
6545,government
6546,tvshow
6547,politician
6548,company
6549,politician
6550,tvshow
6551,politician
6552,government
6553,government
6554,tvshow
6555,tvshow
6556,politician
6557,politician
6558,politician
6559,tvshow
6560,tvshow
6561,tvshow
6562,tvshow
6563,government
6564,politician
6565,company
6566,tvshow
6567,politician
6568,politician
6569,company
6570,government
6571,company
6572,government
6573,politician
6574,government
6575,government
6576,company
6577,politician
6578,company
6579,politician
6580,company
6581,politician
6582,government
6583,company
6584,government
6585,government
6586,politician
6587,tvshow
6588,government
6589,government
6590,government
6591,company
6592,government
6593,government
6594,company
6595,politician
6596,tvshow
6597,company
6598,government
6599,company
6600,government
6601,government
6602,company
6603,company
6604,politician
6605,tvshow
6606,government
6607,company
6608,company
6609,government
6610,company
6611,company
6612,company
6613,government
6614,company
6615,government
6616,company
6617,government
6618,company
6619,government
6620,politician
6621,government
6622,politician
6623,government
6624,tvshow
6625,company
6626,government
6627,government
6628,government
6629,government
6630,politician
6631,company
6632,politician
6633,politician
6634,government
6635,politician
6636,tvshow
6637,government
6638,company
6639,politician
6640,politician
6641,government
6642,politician
6643,government
6644,politician
6645,politician
6646,company
6647,politician
6648,government
6649,company
6650,government
6651,politician
6652,politician
6653,tvshow
6654,politician
6655,tvshow
6656,tvshow
6657,company
6658,company
6659,politician
6660,tvshow
6661,tvshow
6662,government
6663,tvshow
6664,tvshow
6665,politician
6666,company
6667,government
6668,company
6669,government
6670,government
6671,company
6672,company
6673,company
6674,company
6675,company
6676,politician
6677,government
6678,government
6679,company
6680,government
6681,company
6682,politician
6683,company
6684,government
6685,government
6686,company
6687,government
6688,government
6689,politician
6690,government
6691,government
6692,politician
6693,tvshow
6694,government
6695,politician
6696,politician
6697,government
6698,politician
6699,government
6700,politician
6701,politician
6702,company
6703,politician
6704,government
6705,government
6706,tvshow
6707,tvshow
6708,company
6709,tvshow
6710,politician
6711,politician
6712,tvshow
6713,company
6714,government
6715,politician
6716,government
6717,tvshow
6718,government
6719,company
6720,government
6721,government
6722,government
6723,company
6724,company
6725,company
6726,politician
6727,tvshow
6728,government
6729,government
6730,government
6731,company
6732,government
6733,company
6734,company
6735,government
6736,government
6737,politician
6738,tvshow
6739,politician
6740,politician
6741,company
6742,government
6743,tvshow
6744,government
6745,company
6746,tvshow
6747,government
6748,government
6749,government
6750,politician
6751,government
6752,politician
6753,politician
6754,company
6755,company
6756,company
6757,company
6758,company
6759,company
6760,politician
6761,government
6762,politician
6763,company
6764,company
6765,politician
6766,government
6767,government
6768,government
6769,company
6770,company
6771,tvshow
6772,company
6773,tvshow
6774,government
6775,tvshow
6776,government
6777,tvshow
6778,company
6779,company
6780,tvshow
6781,government
6782,politician
6783,government
6784,company
6785,company
6786,company
6787,company
6788,government
6789,government
6790,company
6791,company
6792,politician
6793,politician
6794,tvshow
6795,tvshow
6796,politician
6797,tvshow
6798,company
6799,company
6800,politician
6801,company
6802,politician
6803,government
6804,politician
6805,politician
6806,government
6807,government
6808,government
6809,company
6810,company
6811,company
6812,company
6813,politician
6814,government
6815,company
6816,government
6817,company
6818,tvshow
6819,politician
6820,government
6821,politician
6822,tvshow
6823,politician
6824,politician
6825,politician
6826,politician
6827,tvshow
6828,company
6829,government
6830,government
6831,politician
6832,company
6833,government
6834,politician
6835,politician
6836,politician
6837,tvshow
6838,company
6839,politician
6840,politician
6841,company
6842,company
6843,company
6844,government
6845,government
6846,politician
6847,company
6848,tvshow
6849,politician
6850,tvshow
6851,company
6852,government
6853,politician
6854,company
6855,government
6856,government
6857,government
6858,company
6859,government
6860,company
6861,company
6862,company
6863,politician
6864,company
6865,company
6866,politician
6867,government
6868,politician
6869,politician
6870,tvshow
6871,politician
6872,company
6873,tvshow
6874,tvshow
6875,government
6876,government
6877,company
6878,company
6879,company
6880,tvshow
6881,company
6882,government
6883,company
6884,company
6885,company
6886,tvshow
6887,politician
6888,politician
6889,politician
6890,company
6891,company
6892,company
6893,politician
6894,company
6895,government
6896,politician
6897,tvshow
6898,politician
6899,politician
6900,politician
6901,government
6902,government
6903,tvshow
6904,company
6905,politician
6906,tvshow
6907,politician
6908,company
6909,politician
6910,tvshow
6911,company
6912,company
6913,politician
6914,company
6915,politician
6916,tvshow
6917,government
6918,company
6919,government
6920,company
6921,government
6922,company
6923,politician
6924,politician
6925,company
6926,politician
6927,government
6928,government
6929,company
6930,politician
6931,company
6932,politician
6933,company
6934,politician
6935,company
6936,government
6937,government
6938,government
6939,company
6940,politician
6941,politician
6942,tvshow
6943,politician
6944,company
6945,company
6946,government
6947,politician
6948,government
6949,politician
6950,government
6951,tvshow
6952,government
6953,government
6954,government
6955,government
6956,company
6957,politician
6958,government
6959,government
6960,government
6961,government
6962,government
6963,government
6964,tvshow
6965,politician
6966,government
6967,company
6968,tvshow
6969,company
6970,company
6971,government
6972,company
6973,politician
6974,politician
6975,government
6976,politician
6977,company
6978,company
6979,company
6980,politician
6981,government
6982,tvshow
6983,politician
6984,government
6985,company
6986,company
6987,government
6988,company
6989,tvshow
6990,company
6991,politician
6992,politician
6993,tvshow
6994,government
6995,government
6996,government
6997,politician
6998,company
6999,company
7000,politician
7001,tvshow
7002,tvshow
7003,tvshow
7004,government
7005,government
7006,company
7007,politician
7008,company
7009,company
7010,government
7011,company
7012,tvshow
7013,company
7014,politician
7015,company
7016,government
7017,government
7018,company
7019,politician
7020,government
7021,government
7022,company
7023,government
7024,company
7025,government
7026,tvshow
7027,government
7028,company
7029,company
7030,tvshow
7031,politician
7032,government
7033,politician
7034,company
7035,government
7036,politician
7037,tvshow
7038,government
7039,tvshow
7040,politician
7041,company
7042,government
7043,tvshow
7044,tvshow
7045,politician
7046,company
7047,tvshow
7048,company
7049,government
7050,politician
7051,politician
7052,company
7053,company
7054,company
7055,government
7056,government
7057,government
7058,government
7059,tvshow
7060,government
7061,politician
7062,politician
7063,government
7064,company
7065,politician
7066,politician
7067,government
7068,tvshow
7069,government
7070,government
7071,tvshow
7072,government
7073,government
7074,government
7075,company
7076,government
7077,politician
7078,government
7079,government
7080,company
7081,government
7082,politician
7083,company
7084,government
7085,politician
7086,company
7087,politician
7088,company
7089,company
7090,politician
7091,politician
7092,politician
7093,company
7094,politician
7095,government
7096,government
7097,government
7098,tvshow
7099,company
7100,politician
7101,government
7102,company
7103,company
7104,politician
7105,company
7106,company
7107,politician
7108,politician
7109,government
7110,government
7111,company
7112,politician
7113,tvshow
7114,company
7115,politician
7116,politician
7117,politician
7118,company
7119,politician
7120,tvshow
7121,politician
7122,tvshow
7123,government
7124,government
7125,company
7126,politician
7127,company
7128,company
7129,government
7130,politician
7131,company
7132,politician
7133,tvshow
7134,politician
7135,government
7136,company
7137,government
7138,tvshow
7139,government
7140,government
7141,company
7142,politician
7143,government
7144,company
7145,company
7146,government
7147,politician
7148,politician
7149,government
7150,politician
7151,politician
7152,government
7153,politician
7154,company
7155,tvshow
7156,government
7157,politician
7158,politician
7159,company
7160,politician
7161,company
7162,government
7163,company
7164,company
7165,government
7166,government
7167,government
7168,company
7169,government
7170,company
7171,government
7172,government
7173,tvshow
7174,company
7175,company
7176,politician
7177,tvshow
7178,government
7179,company
7180,politician
7181,company
7182,tvshow
7183,company
7184,politician
7185,company
7186,tvshow
7187,company
7188,company
7189,government
7190,tvshow
7191,tvshow
7192,company
7193,government
7194,government
7195,company
7196,government
7197,government
7198,tvshow
7199,government
7200,government
7201,company
7202,politician
7203,company
7204,government
7205,politician
7206,company
7207,tvshow
7208,government
7209,government
7210,government
7211,government
7212,company
7213,politician
7214,government
7215,company
7216,company
7217,government
7218,tvshow
7219,tvshow
7220,government
7221,government
7222,company
7223,politician
7224,company
7225,company
7226,company
7227,company
7228,company
7229,tvshow
7230,politician
7231,company
7232,government
7233,tvshow
7234,tvshow
7235,politician
7236,government
7237,tvshow
7238,government
7239,company
7240,politician
7241,government
7242,company
7243,company
7244,government
7245,company
7246,government
7247,company
7248,government
7249,government
7250,politician
7251,company
7252,tvshow
7253,government
7254,company
7255,politician
7256,tvshow
7257,tvshow
7258,politician
7259,government
7260,government
7261,company
7262,government
7263,company
7264,government
7265,tvshow
7266,government
7267,politician
7268,politician
7269,politician
7270,government
7271,politician
7272,politician
7273,government
7274,government
7275,government
7276,company
7277,tvshow
7278,government
7279,company
7280,company
7281,politician
7282,tvshow
7283,government
7284,politician
7285,politician
7286,tvshow
7287,company
7288,government
7289,tvshow
7290,government
7291,politician
7292,company
7293,government
7294,government
7295,company
7296,government
7297,company
7298,company
7299,government
7300,government
7301,tvshow
7302,government
7303,government
7304,government
7305,government
7306,politician
7307,tvshow
7308,company
7309,politician
7310,tvshow
7311,government
7312,politician
7313,tvshow
7314,politician
7315,company
7316,government
7317,company
7318,company
7319,company
7320,government
7321,government
7322,politician
7323,government
7324,company
7325,company
7326,government
7327,politician
7328,government
7329,government
7330,politician
7331,politician
7332,government
7333,politician
7334,company
7335,tvshow
7336,company
7337,company
7338,government
7339,company
7340,company
7341,company
7342,tvshow
7343,company
7344,politician
7345,company
7346,politician
7347,politician
7348,government
7349,tvshow
7350,government
7351,tvshow
7352,government
7353,company
7354,politician
7355,company
7356,tvshow
7357,politician
7358,politician
7359,politician
7360,politician
7361,company
7362,government
7363,government
7364,company
7365,government
7366,tvshow
7367,politician
7368,company
7369,government
7370,politician
7371,tvshow
7372,government
7373,company
7374,company
7375,politician
7376,politician
7377,company
7378,tvshow
7379,tvshow
7380,government
7381,government
7382,government
7383,politician
7384,government
7385,tvshow
7386,tvshow
7387,company
7388,company
7389,company
7390,politician
7391,government
7392,company
7393,company
7394,politician
7395,government
7396,tvshow
7397,government
7398,politician
7399,government
7400,tvshow
7401,politician
7402,politician
7403,company
7404,tvshow
7405,company
7406,company
7407,company
7408,tvshow
7409,government
7410,politician
7411,company
7412,government
7413,government
7414,government
7415,company
7416,politician
7417,government
7418,politician
7419,politician
7420,company
7421,politician
7422,government
7423,politician
7424,company
7425,company
7426,government
7427,government
7428,government
7429,company
7430,politician
7431,politician
7432,government
7433,company
7434,government
7435,government
7436,company
7437,government
7438,government
7439,tvshow
7440,politician
7441,government
7442,tvshow
7443,government
7444,politician
7445,politician
7446,politician
7447,government
7448,tvshow
7449,politician
7450,tvshow
7451,company
7452,tvshow
7453,company
7454,government
7455,politician
7456,company
7457,government
7458,company
7459,politician
7460,politician
7461,government
7462,politician
7463,tvshow
7464,government
7465,government
7466,government
7467,tvshow
7468,government
7469,company
7470,tvshow
7471,government
7472,government
7473,tvshow
7474,politician
7475,company
7476,government
7477,company
7478,politician
7479,government
7480,government
7481,government
7482,politician
7483,company
7484,tvshow
7485,company
7486,politician
7487,company
7488,company
7489,politician
7490,company
7491,government
7492,company
7493,tvshow
7494,politician
7495,politician
7496,tvshow
7497,company
7498,politician
7499,government
7500,government
7501,company
7502,company
7503,government
7504,politician
7505,company
7506,company
7507,government
7508,government
7509,government
7510,government
7511,company
7512,politician
7513,company
7514,government
7515,company
7516,tvshow
7517,tvshow
7518,company
7519,company
7520,company
7521,company
7522,government
7523,politician
7524,government
7525,tvshow
7526,government
7527,tvshow
7528,tvshow
7529,tvshow
7530,politician
7531,government
7532,tvshow
7533,tvshow
7534,company
7535,company
7536,government
7537,tvshow
7538,tvshow
7539,politician
7540,politician
7541,company
7542,politician
7543,politician
7544,company
7545,government
7546,company
7547,company
7548,tvshow
7549,government
7550,politician
7551,government
7552,company
7553,tvshow
7554,company
7555,tvshow
7556,company
7557,government
7558,tvshow
7559,government
7560,company
7561,tvshow
7562,company
7563,government
7564,company
7565,politician
7566,government
7567,politician
7568,government
7569,government
7570,government
7571,politician
7572,tvshow
7573,politician
7574,government
7575,company
7576,company
7577,company
7578,company
7579,politician
7580,company
7581,government
7582,politician
7583,politician
7584,company
7585,government
7586,politician
7587,company
7588,company
7589,company
7590,tvshow
7591,government
7592,company
7593,tvshow
7594,company
7595,company
7596,tvshow
7597,politician
7598,tvshow
7599,politician
7600,company
7601,government
7602,tvshow
7603,politician
7604,politician
7605,politician
7606,tvshow
7607,tvshow
7608,government
7609,tvshow
7610,tvshow
7611,company
7612,politician
7613,government
7614,company
7615,politician
7616,politician
7617,government
7618,tvshow
7619,politician
7620,company
7621,company
7622,politician
7623,government
7624,company
7625,company
7626,company
7627,company
7628,tvshow
7629,government
7630,company
7631,politician
7632,company
7633,company
7634,tvshow
7635,government
7636,tvshow
7637,company
7638,company
7639,government
7640,company
7641,government
7642,government
7643,politician
7644,company
7645,government
7646,politician
7647,politician
7648,company
7649,government
7650,government
7651,company
7652,politician
7653,company
7654,government
7655,government
7656,politician
7657,government
7658,company
7659,politician
7660,government
7661,company
7662,company
7663,politician
7664,government
7665,government
7666,government
7667,politician
7668,company
7669,government
7670,government
7671,politician
7672,company
7673,company
7674,politician
7675,politician
7676,politician
7677,tvshow
7678,government
7679,company
7680,company
7681,government
7682,company
7683,government
7684,tvshow
7685,politician
7686,government
7687,company
7688,government
7689,company
7690,tvshow
7691,politician
7692,company
7693,company
7694,government
7695,government
7696,company
7697,company
7698,government
7699,politician
7700,tvshow
7701,government
7702,company
7703,company
7704,politician
7705,government
7706,company
7707,politician
7708,tvshow
7709,government
7710,politician
7711,government
7712,company
7713,government
7714,politician
7715,company
7716,tvshow
7717,government
7718,tvshow
7719,politician
7720,politician
7721,company
7722,government
7723,government
7724,company
7725,government
7726,company
7727,politician
7728,tvshow
7729,tvshow
7730,company
7731,company
7732,government
7733,politician
7734,company
7735,company
7736,government
7737,politician
7738,politician
7739,company
7740,company
7741,tvshow
7742,government
7743,government
7744,tvshow
7745,tvshow
7746,government
7747,company
7748,government
7749,company
7750,government
7751,government
7752,politician
7753,company
7754,politician
7755,politician
7756,government
7757,government
7758,government
7759,tvshow
7760,government
7761,politician
7762,tvshow
7763,government
7764,politician
7765,company
7766,government
7767,company
7768,politician
7769,politician
7770,government
7771,politician
7772,tvshow
7773,company
7774,company
7775,government
7776,company
7777,politician
7778,government
7779,politician
7780,government
7781,company
7782,government
7783,company
7784,company
7785,government
7786,government
7787,company
7788,politician
7789,politician
7790,government
7791,politician
7792,government
7793,government
7794,government
7795,government
7796,company
7797,government
7798,company
7799,tvshow
7800,company
7801,tvshow
7802,government
7803,politician
7804,government
7805,tvshow
7806,company
7807,politician
7808,government
7809,company
7810,tvshow
7811,tvshow
7812,company
7813,politician
7814,politician
7815,company
7816,government
7817,politician
7818,government
7819,tvshow
7820,company
7821,company
7822,government
7823,politician
7824,politician
7825,company
7826,company
7827,politician
7828,government
7829,government
7830,company
7831,tvshow
7832,company
7833,company
7834,government
7835,politician
7836,tvshow
7837,politician
7838,company
7839,politician
7840,company
7841,politician
7842,politician
7843,politician
7844,government
7845,politician
7846,politician
7847,politician
7848,government
7849,company
7850,company
7851,company
7852,company
7853,government
7854,tvshow
7855,tvshow
7856,company
7857,tvshow
7858,company
7859,tvshow
7860,government
7861,politician
7862,company
7863,politician
7864,company
7865,tvshow
7866,tvshow
7867,company
7868,politician
7869,politician
7870,government
7871,politician
7872,government
7873,politician
7874,government
7875,company
7876,politician
7877,company
7878,company
7879,company
7880,tvshow
7881,tvshow
7882,company
7883,tvshow
7884,company
7885,politician
7886,government
7887,tvshow
7888,company
7889,politician
7890,company
7891,company
7892,tvshow
7893,politician
7894,government
7895,politician
7896,tvshow
7897,politician
7898,tvshow
7899,company
7900,government
7901,politician
7902,tvshow
7903,politician
7904,politician
7905,government
7906,company
7907,politician
7908,government
7909,government
7910,government
7911,tvshow
7912,government
7913,government
7914,politician
7915,politician
7916,tvshow
7917,company
7918,politician
7919,government
7920,tvshow
7921,tvshow
7922,company
7923,politician
7924,government
7925,government
7926,government
7927,government
7928,politician
7929,tvshow
7930,company
7931,company
7932,politician
7933,company
7934,company
7935,tvshow
7936,politician
7937,politician
7938,politician
7939,politician
7940,government
7941,politician
7942,government
7943,government
7944,government
7945,politician
7946,government
7947,government
7948,government
7949,politician
7950,tvshow
7951,politician
7952,government
7953,politician
7954,company
7955,politician
7956,company
7957,tvshow
7958,tvshow
7959,government
7960,company
7961,company
7962,government
7963,company
7964,company
7965,government
7966,politician
7967,government
7968,government
7969,government
7970,company
7971,company
7972,government
7973,politician
7974,tvshow
7975,tvshow
7976,company
7977,tvshow
7978,tvshow
7979,tvshow
7980,politician
7981,politician
7982,politician
7983,tvshow
7984,politician
7985,government
7986,politician
7987,company
7988,government
7989,company
7990,company
7991,politician
7992,company
7993,politician
7994,tvshow
7995,company
7996,company
7997,company
7998,government
7999,company
8000,politician
8001,company
8002,government
8003,government
8004,company
8005,government
8006,company
8007,government
8008,politician
8009,company
8010,politician
8011,government
8012,government
8013,government
8014,tvshow
8015,government
8016,government
8017,company
8018,government
8019,tvshow
8020,tvshow
8021,politician
8022,company
8023,tvshow
8024,government
8025,company
8026,government
8027,politician
8028,company
8029,government
8030,company
8031,company
8032,company
8033,company
8034,company
8035,company
8036,tvshow
8037,company
8038,politician
8039,government
8040,politician
8041,government
8042,government
8043,government
8044,company
8045,government
8046,politician
8047,tvshow
8048,politician
8049,tvshow
8050,government
8051,company
8052,politician
8053,government
8054,government
8055,government
8056,government
8057,tvshow
8058,government
8059,politician
8060,company
8061,company
8062,government
8063,tvshow
8064,tvshow
8065,politician
8066,government
8067,politician
8068,government
8069,government
8070,company
8071,politician
8072,company
8073,government
8074,government
8075,tvshow
8076,company
8077,company
8078,politician
8079,politician
8080,company
8081,company
8082,politician
8083,company
8084,tvshow
8085,company
8086,company
8087,government
8088,tvshow
8089,company
8090,tvshow
8091,tvshow
8092,politician
8093,company
8094,politician
8095,tvshow
8096,politician
8097,company
8098,company
8099,politician
8100,politician
8101,government
8102,company
8103,company
8104,company
8105,government
8106,politician
8107,politician
8108,company
8109,company
8110,government
8111,company
8112,company
8113,tvshow
8114,company
8115,company
8116,company
8117,company
8118,government
8119,company
8120,politician
8121,government
8122,politician
8123,company
8124,tvshow
8125,politician
8126,government
8127,tvshow
8128,company
8129,company
8130,company
8131,politician
8132,government
8133,politician
8134,politician
8135,politician
8136,tvshow
8137,government
8138,government
8139,politician
8140,government
8141,politician
8142,politician
8143,politician
8144,company
8145,tvshow
8146,government
8147,government
8148,government
8149,government
8150,government
8151,company
8152,politician
8153,government
8154,politician
8155,government
8156,government
8157,company
8158,politician
8159,tvshow
8160,politician
8161,government
8162,government
8163,company
8164,company
8165,tvshow
8166,company
8167,government
8168,company
8169,company
8170,politician
8171,company
8172,tvshow
8173,company
8174,company
8175,tvshow
8176,government
8177,company
8178,government
8179,tvshow
8180,tvshow
8181,tvshow
8182,politician
8183,politician
8184,tvshow
8185,company
8186,politician
8187,government
8188,tvshow
8189,company
8190,politician
8191,company
8192,government
8193,tvshow
8194,company
8195,company
8196,politician
8197,politician
8198,government
8199,company
8200,government
8201,government
8202,tvshow
8203,government
8204,company
8205,politician
8206,company
8207,politician
8208,politician
8209,tvshow
8210,company
8211,government
8212,politician
8213,tvshow
8214,tvshow
8215,politician
8216,company
8217,government
8218,politician
8219,government
8220,politician
8221,government
8222,politician
8223,politician
8224,politician
8225,politician
8226,tvshow
8227,government
8228,tvshow
8229,company
8230,company
8231,tvshow
8232,company
8233,government
8234,company
8235,government
8236,politician
8237,politician
8238,company
8239,politician
8240,politician
8241,politician
8242,politician
8243,government
8244,government
8245,politician
8246,company
8247,company
8248,politician
8249,government
8250,politician
8251,company
8252,government
8253,government
8254,company
8255,government
8256,politician
8257,government
8258,politician
8259,company
8260,company
8261,tvshow
8262,company
8263,government
8264,government
8265,company
8266,tvshow
8267,company
8268,company
8269,politician
8270,politician
8271,politician
8272,politician
8273,company
8274,company
8275,company
8276,politician
8277,company
8278,politician
8279,government
8280,tvshow
8281,tvshow
8282,government
8283,company
8284,company
8285,company
8286,politician
8287,government
8288,government
8289,politician
8290,tvshow
8291,politician
8292,politician
8293,politician
8294,government
8295,tvshow
8296,government
8297,government
8298,government
8299,government
8300,government
8301,government
8302,government
8303,government
8304,tvshow
8305,politician
8306,company
8307,politician
8308,company
8309,tvshow
8310,government
8311,tvshow
8312,company
8313,government
8314,politician
8315,company
8316,tvshow
8317,government
8318,tvshow
8319,politician
8320,politician
8321,tvshow
8322,company
8323,politician
8324,tvshow
8325,politician
8326,tvshow
8327,company
8328,government
8329,politician
8330,government
8331,politician
8332,company
8333,company
8334,government
8335,company
8336,politician
8337,government
8338,company
8339,government
8340,company
8341,company
8342,company
8343,politician
8344,company
8345,company
8346,government
8347,company
8348,politician
8349,politician
8350,company
8351,politician
8352,politician
8353,company
8354,tvshow
8355,politician
8356,government
8357,government
8358,company
8359,tvshow
8360,politician
8361,government
8362,government
8363,government
8364,politician
8365,tvshow
8366,government
8367,government
8368,government
8369,company
8370,tvshow
8371,company
8372,company
8373,politician
8374,politician
8375,politician
8376,tvshow
8377,government
8378,politician
8379,company
8380,politician
8381,government
8382,government
8383,politician
8384,government
8385,company
8386,government
8387,politician
8388,government
8389,politician
8390,government
8391,company
8392,company
8393,politician
8394,company
8395,government
8396,politician
8397,company
8398,politician
8399,company
8400,government
8401,government
8402,tvshow
8403,government
8404,company
8405,politician
8406,politician
8407,company
8408,politician
8409,tvshow
8410,company
8411,company
8412,politician
8413,politician
8414,politician
8415,company
8416,government
8417,tvshow
8418,tvshow
8419,tvshow
8420,politician
8421,politician
8422,politician
8423,politician
8424,company
8425,tvshow
8426,tvshow
8427,government
8428,politician
8429,politician
8430,government
8431,company
8432,government
8433,tvshow
8434,politician
8435,politician
8436,politician
8437,company
8438,company
8439,politician
8440,tvshow
8441,politician
8442,politician
8443,tvshow
8444,tvshow
8445,company
8446,government
8447,tvshow
8448,politician
8449,politician
8450,government
8451,company
8452,politician
8453,government
8454,government
8455,government
8456,company
8457,government
8458,politician
8459,company
8460,tvshow
8461,government
8462,company
8463,government
8464,politician
8465,government
8466,government
8467,company
8468,company
8469,tvshow
8470,government
8471,politician
8472,government
8473,government
8474,government
8475,government
8476,politician
8477,company
8478,company
8479,tvshow
8480,tvshow
8481,tvshow
8482,company
8483,government
8484,government
8485,company
8486,politician
8487,politician
8488,company
8489,tvshow
8490,company
8491,government
8492,politician
8493,tvshow
8494,tvshow
8495,tvshow
8496,company
8497,government
8498,government
8499,government
8500,government
8501,tvshow
8502,company
8503,government
8504,government
8505,politician
8506,government
8507,politician
8508,government
8509,government
8510,government
8511,company
8512,government
8513,company
8514,company
8515,politician
8516,politician
8517,government
8518,government
8519,tvshow
8520,government
8521,tvshow
8522,government
8523,company
8524,government
8525,government
8526,company
8527,company
8528,politician
8529,company
8530,government
8531,company
8532,government
8533,tvshow
8534,government
8535,company
8536,company
8537,company
8538,government
8539,government
8540,politician
8541,government
8542,tvshow
8543,government
8544,company
8545,government
8546,government
8547,politician
8548,tvshow
8549,politician
8550,company
8551,company
8552,government
8553,politician
8554,company
8555,politician
8556,company
8557,company
8558,politician
8559,government
8560,tvshow
8561,politician
8562,government
8563,company
8564,company
8565,politician
8566,government
8567,company
8568,government
8569,politician
8570,government
8571,government
8572,politician
8573,government
8574,government
8575,tvshow
8576,company
8577,government
8578,company
8579,company
8580,government
8581,politician
8582,politician
8583,government
8584,politician
8585,tvshow
8586,company
8587,company
8588,tvshow
8589,company
8590,company
8591,government
8592,tvshow
8593,tvshow
8594,company
8595,government
8596,government
8597,government
8598,company
8599,company
8600,company
8601,company
8602,government
8603,politician
8604,company
8605,tvshow
8606,company
8607,government
8608,politician
8609,company
8610,tvshow
8611,politician
8612,government
8613,government
8614,company
8615,company
8616,government
8617,government
8618,politician
8619,government
8620,government
8621,government
8622,politician
8623,politician
8624,tvshow
8625,government
8626,politician
8627,politician
8628,government
8629,politician
8630,government
8631,politician
8632,government
8633,government
8634,government
8635,politician
8636,company
8637,government
8638,politician
8639,company
8640,politician
8641,government
8642,tvshow
8643,tvshow
8644,government
8645,company
8646,company
8647,politician
8648,politician
8649,politician
8650,government
8651,politician
8652,government
8653,politician
8654,company
8655,company
8656,tvshow
8657,politician
8658,company
8659,company
8660,politician
8661,company
8662,tvshow
8663,tvshow
8664,tvshow
8665,company
8666,tvshow
8667,government
8668,company
8669,politician
8670,government
8671,company
8672,company
8673,company
8674,government
8675,tvshow
8676,politician
8677,tvshow
8678,government
8679,tvshow
8680,politician
8681,company
8682,company
8683,company
8684,company
8685,company
8686,politician
8687,government
8688,politician
8689,government
8690,company
8691,politician
8692,government
8693,company
8694,tvshow
8695,politician
8696,government
8697,company
8698,government
8699,company
8700,politician
8701,government
8702,company
8703,company
8704,company
8705,government
8706,company
8707,company
8708,company
8709,company
8710,government
8711,company
8712,politician
8713,politician
8714,government
8715,politician
8716,government
8717,tvshow
8718,tvshow
8719,government
8720,government
8721,government
8722,company
8723,government
8724,company
8725,tvshow
8726,tvshow
8727,politician
8728,company
8729,politician
8730,politician
8731,government
8732,government
8733,government
8734,company
8735,government
8736,government
8737,politician
8738,government
8739,company
8740,politician
8741,government
8742,politician
8743,politician
8744,company
8745,government
8746,government
8747,company
8748,politician
8749,government
8750,government
8751,company
8752,government
8753,tvshow
8754,government
8755,government
8756,company
8757,politician
8758,tvshow
8759,tvshow
8760,company
8761,government
8762,government
8763,tvshow
8764,government
8765,politician
8766,government
8767,government
8768,government
8769,politician
8770,government
8771,government
8772,politician
8773,politician
8774,government
8775,politician
8776,company
8777,government
8778,politician
8779,politician
8780,politician
8781,politician
8782,government
8783,company
8784,politician
8785,politician
8786,company
8787,government
8788,politician
8789,government
8790,tvshow
8791,government
8792,tvshow
8793,government
8794,government
8795,company
8796,tvshow
8797,government
8798,tvshow
8799,tvshow
8800,company
8801,politician
8802,company
8803,government
8804,tvshow
8805,politician
8806,government
8807,politician
8808,government
8809,politician
8810,company
8811,company
8812,government
8813,company
8814,government
8815,company
8816,government
8817,company
8818,politician
8819,government
8820,government
8821,government
8822,politician
8823,politician
8824,government
8825,government
8826,government
8827,company
8828,government
8829,government
8830,company
8831,company
8832,government
8833,company
8834,politician
8835,politician
8836,government
8837,government
8838,government
8839,tvshow
8840,government
8841,politician
8842,tvshow
8843,company
8844,tvshow
8845,company
8846,government
8847,government
8848,company
8849,government
8850,government
8851,company
8852,politician
8853,government
8854,politician
8855,company
8856,tvshow
8857,politician
8858,government
8859,government
8860,government
8861,government
8862,tvshow
8863,politician
8864,company
8865,government
8866,politician
8867,company
8868,politician
8869,politician
8870,government
8871,company
8872,politician
8873,government
8874,company
8875,government
8876,government
8877,politician
8878,politician
8879,company
8880,government
8881,government
8882,government
8883,politician
8884,government
8885,company
8886,company
8887,politician
8888,tvshow
8889,politician
8890,company
8891,company
8892,government
8893,politician
8894,politician
8895,government
8896,government
8897,government
8898,government
8899,government
8900,politician
8901,company
8902,politician
8903,politician
8904,government
8905,government
8906,politician
8907,government
8908,politician
8909,company
8910,company
8911,politician
8912,company
8913,government
8914,politician
8915,company
8916,tvshow
8917,government
8918,politician
8919,government
8920,company
8921,politician
8922,tvshow
8923,company
8924,tvshow
8925,company
8926,politician
8927,government
8928,company
8929,politician
8930,government
8931,government
8932,politician
8933,government
8934,government
8935,politician
8936,company
8937,tvshow
8938,politician
8939,company
8940,company
8941,company
8942,politician
8943,government
8944,politician
8945,company
8946,tvshow
8947,company
8948,company
8949,government
8950,tvshow
8951,government
8952,company
8953,company
8954,politician
8955,politician
8956,politician
8957,politician
8958,company
8959,politician
8960,company
8961,government
8962,government
8963,company
8964,company
8965,government
8966,government
8967,government
8968,politician
8969,company
8970,company
8971,company
8972,government
8973,government
8974,government
8975,tvshow
8976,politician
8977,company
8978,government
8979,government
8980,company
8981,tvshow
8982,government
8983,tvshow
8984,company
8985,government
8986,politician
8987,company
8988,politician
8989,government
8990,company
8991,company
8992,tvshow
8993,company
8994,government
8995,government
8996,company
8997,politician
8998,government
8999,politician
9000,government
9001,politician
9002,politician
9003,politician
9004,company
9005,government
9006,company
9007,politician
9008,politician
9009,company
9010,tvshow
9011,company
9012,government
9013,politician
9014,government
9015,company
9016,politician
9017,government
9018,company
9019,tvshow
9020,politician
9021,tvshow
9022,government
9023,company
9024,tvshow
9025,government
9026,company
9027,company
9028,politician
9029,government
9030,company
9031,tvshow
9032,government
9033,company
9034,politician
9035,tvshow
9036,government
9037,government
9038,government
9039,government
9040,government
9041,government
9042,company
9043,tvshow
9044,company
9045,government
9046,politician
9047,company
9048,government
9049,company
9050,politician
9051,politician
9052,government
9053,company
9054,government
9055,politician
9056,politician
9057,government
9058,government
9059,company
9060,government
9061,politician
9062,politician
9063,government
9064,government
9065,politician
9066,politician
9067,tvshow
9068,politician
9069,politician
9070,tvshow
9071,company
9072,tvshow
9073,company
9074,company
9075,government
9076,politician
9077,government
9078,government
9079,politician
9080,government
9081,government
9082,politician
9083,company
9084,government
9085,government
9086,government
9087,government
9088,government
9089,company
9090,government
9091,company
9092,company
9093,government
9094,government
9095,politician
9096,government
9097,company
9098,government
9099,government
9100,company
9101,tvshow
9102,company
9103,tvshow
9104,company
9105,government
9106,government
9107,government
9108,politician
9109,government
9110,tvshow
9111,government
9112,politician
9113,company
9114,government
9115,politician
9116,company
9117,politician
9118,government
9119,government
9120,politician
9121,company
9122,government
9123,tvshow
9124,politician
9125,politician
9126,government
9127,company
9128,government
9129,government
9130,politician
9131,government
9132,company
9133,company
9134,politician
9135,government
9136,company
9137,politician
9138,government
9139,government
9140,company
9141,company
9142,politician
9143,company
9144,tvshow
9145,politician
9146,company
9147,company
9148,tvshow
9149,company
9150,politician
9151,company
9152,government
9153,politician
9154,tvshow
9155,politician
9156,company
9157,politician
9158,government
9159,company
9160,company
9161,government
9162,tvshow
9163,company
9164,government
9165,politician
9166,government
9167,government
9168,company
9169,government
9170,tvshow
9171,company
9172,tvshow
9173,government
9174,government
9175,politician
9176,government
9177,government
9178,tvshow
9179,politician
9180,tvshow
9181,politician
9182,politician
9183,government
9184,politician
9185,company
9186,politician
9187,company
9188,company
9189,government
9190,politician
9191,tvshow
9192,government
9193,government
9194,government
9195,tvshow
9196,politician
9197,company
9198,politician
9199,tvshow
9200,company
9201,tvshow
9202,government
9203,company
9204,government
9205,government
9206,politician
9207,politician
9208,company
9209,government
9210,politician
9211,government
9212,tvshow
9213,politician
9214,company
9215,government
9216,government
9217,politician
9218,company
9219,government
9220,government
9221,government
9222,tvshow
9223,politician
9224,tvshow
9225,politician
9226,company
9227,company
9228,politician
9229,politician
9230,government
9231,tvshow
9232,company
9233,government
9234,government
9235,company
9236,government
9237,politician
9238,company
9239,government
9240,government
9241,government
9242,government
9243,government
9244,government
9245,government
9246,company
9247,company
9248,politician
9249,government
9250,tvshow
9251,company
9252,government
9253,tvshow
9254,politician
9255,company
9256,politician
9257,company
9258,politician
9259,government
9260,tvshow
9261,government
9262,government
9263,government
9264,politician
9265,politician
9266,politician
9267,tvshow
9268,politician
9269,politician
9270,company
9271,government
9272,company
9273,tvshow
9274,politician
9275,government
9276,government
9277,company
9278,politician
9279,politician
9280,politician
9281,company
9282,government
9283,tvshow
9284,company
9285,government
9286,tvshow
9287,tvshow
9288,company
9289,tvshow
9290,company
9291,government
9292,company
9293,company
9294,government
9295,government
9296,government
9297,company
9298,tvshow
9299,tvshow
9300,government
9301,tvshow
9302,politician
9303,government
9304,government
9305,tvshow
9306,government
9307,company
9308,company
9309,company
9310,company
9311,government
9312,politician
9313,government
9314,politician
9315,company
9316,government
9317,tvshow
9318,tvshow
9319,government
9320,government
9321,tvshow
9322,politician
9323,company
9324,company
9325,company
9326,government
9327,company
9328,company
9329,company
9330,tvshow
9331,politician
9332,government
9333,company
9334,government
9335,politician
9336,government
9337,government
9338,tvshow
9339,government
9340,government
9341,tvshow
9342,company
9343,government
9344,government
9345,company
9346,company
9347,company
9348,government
9349,government
9350,government
9351,politician
9352,politician
9353,government
9354,tvshow
9355,politician
9356,government
9357,government
9358,politician
9359,government
9360,government
9361,government
9362,politician
9363,company
9364,politician
9365,company
9366,company
9367,government
9368,government
9369,politician
9370,tvshow
9371,politician
9372,government
9373,company
9374,government
9375,government
9376,tvshow
9377,politician
9378,government
9379,government
9380,government
9381,company
9382,company
9383,company
9384,company
9385,government
9386,politician
9387,company
9388,company
9389,politician
9390,government
9391,government
9392,company
9393,tvshow
9394,politician
9395,politician
9396,tvshow
9397,tvshow
9398,politician
9399,company
9400,government
9401,politician
9402,government
9403,company
9404,politician
9405,company
9406,government
9407,government
9408,politician
9409,politician
9410,government
9411,politician
9412,tvshow
9413,government
9414,politician
9415,tvshow
9416,company
9417,government
9418,company
9419,politician
9420,government
9421,government
9422,government
9423,government
9424,government
9425,government
9426,politician
9427,politician
9428,company
9429,tvshow
9430,government
9431,government
9432,politician
9433,government
9434,tvshow
9435,government
9436,company
9437,politician
9438,tvshow
9439,company
9440,company
9441,politician
9442,tvshow
9443,government
9444,tvshow
9445,government
9446,tvshow
9447,company
9448,government
9449,company
9450,government
9451,government
9452,tvshow
9453,company
9454,tvshow
9455,politician
9456,government
9457,government
9458,company
9459,tvshow
9460,company
9461,company
9462,government
9463,politician
9464,government
9465,company
9466,company
9467,politician
9468,politician
9469,company
9470,government
9471,tvshow
9472,politician
9473,government
9474,politician
9475,politician
9476,company
9477,politician
9478,politician
9479,tvshow
9480,politician
9481,government
9482,company
9483,politician
9484,government
9485,company
9486,politician
9487,government
9488,politician
9489,politician
9490,company
9491,company
9492,tvshow
9493,company
9494,government
9495,government
9496,politician
9497,government
9498,tvshow
9499,government
9500,tvshow
9501,company
9502,tvshow
9503,tvshow
9504,government
9505,government
9506,politician
9507,company
9508,government
9509,tvshow
9510,company
9511,company
9512,politician
9513,politician
9514,company
9515,tvshow
9516,politician
9517,company
9518,politician
9519,government
9520,politician
9521,government
9522,company
9523,company
9524,politician
9525,government
9526,government
9527,government
9528,government
9529,government
9530,politician
9531,company
9532,politician
9533,tvshow
9534,company
9535,government
9536,government
9537,politician
9538,politician
9539,politician
9540,tvshow
9541,company
9542,government
9543,government
9544,company
9545,politician
9546,government
9547,government
9548,politician
9549,politician
9550,tvshow
9551,government
9552,company
9553,government
9554,politician
9555,politician
9556,government
9557,politician
9558,government
9559,politician
9560,company
9561,tvshow
9562,government
9563,politician
9564,politician
9565,politician
9566,company
9567,politician
9568,tvshow
9569,tvshow
9570,politician
9571,company
9572,government
9573,government
9574,tvshow
9575,government
9576,company
9577,company
9578,tvshow
9579,tvshow
9580,government
9581,politician
9582,government
9583,company
9584,politician
9585,tvshow
9586,politician
9587,politician
9588,company
9589,company
9590,government
9591,government
9592,government
9593,government
9594,politician
9595,government
9596,politician
9597,politician
9598,company
9599,company
9600,government
9601,politician
9602,government
9603,company
9604,government
9605,company
9606,company
9607,government
9608,government
9609,politician
9610,company
9611,company
9612,politician
9613,tvshow
9614,tvshow
9615,company
9616,government
9617,government
9618,company
9619,company
9620,tvshow
9621,government
9622,company
9623,company
9624,company
9625,government
9626,government
9627,company
9628,company
9629,politician
9630,politician
9631,politician
9632,company
9633,government
9634,government
9635,politician
9636,company
9637,company
9638,government
9639,company
9640,government
9641,company
9642,tvshow
9643,government
9644,government
9645,politician
9646,politician
9647,tvshow
9648,government
9649,company
9650,politician
9651,company
9652,government
9653,politician
9654,politician
9655,government
9656,tvshow
9657,government
9658,government
9659,politician
9660,government
9661,government
9662,politician
9663,tvshow
9664,government
9665,company
9666,company
9667,company
9668,government
9669,tvshow
9670,government
9671,politician
9672,politician
9673,company
9674,company
9675,politician
9676,company
9677,company
9678,government
9679,politician
9680,company
9681,company
9682,government
9683,politician
9684,politician
9685,government
9686,tvshow
9687,company
9688,government
9689,tvshow
9690,government
9691,politician
9692,government
9693,company
9694,politician
9695,tvshow
9696,tvshow
9697,government
9698,government
9699,company
9700,tvshow
9701,politician
9702,tvshow
9703,tvshow
9704,company
9705,tvshow
9706,government
9707,politician
9708,tvshow
9709,tvshow
9710,government
9711,tvshow
9712,government
9713,politician
9714,politician
9715,government
9716,government
9717,politician
9718,company
9719,government
9720,politician
9721,company
9722,company
9723,politician
9724,politician
9725,company
9726,tvshow
9727,company
9728,government
9729,government
9730,government
9731,politician
9732,government
9733,company
9734,government
9735,company
9736,company
9737,government
9738,company
9739,tvshow
9740,politician
9741,company
9742,company
9743,politician
9744,government
9745,politician
9746,government
9747,politician
9748,company
9749,company
9750,politician
9751,company
9752,government
9753,tvshow
9754,tvshow
9755,government
9756,government
9757,company
9758,government
9759,company
9760,government
9761,government
9762,government
9763,government
9764,politician
9765,politician
9766,tvshow
9767,tvshow
9768,company
9769,company
9770,politician
9771,tvshow
9772,company
9773,company
9774,government
9775,government
9776,politician
9777,company
9778,tvshow
9779,government
9780,government
9781,government
9782,politician
9783,politician
9784,company
9785,government
9786,company
9787,government
9788,politician
9789,company
9790,company
9791,company
9792,tvshow
9793,company
9794,company
9795,company
9796,tvshow
9797,company
9798,government
9799,company
9800,company
9801,company
9802,politician
9803,politician
9804,politician
9805,politician
9806,tvshow
9807,company
9808,government
9809,government
9810,politician
9811,tvshow
9812,company
9813,government
9814,tvshow
9815,politician
9816,government
9817,politician
9818,government
9819,company
9820,politician
9821,politician
9822,company
9823,government
9824,government
9825,company
9826,company
9827,tvshow
9828,tvshow
9829,politician
9830,government
9831,government
9832,company
9833,government
9834,politician
9835,politician
9836,politician
9837,politician
9838,company
9839,company
9840,government
9841,company
9842,politician
9843,politician
9844,politician
9845,government
9846,politician
9847,company
9848,politician
9849,government
9850,government
9851,government
9852,tvshow
9853,government
9854,tvshow
9855,politician
9856,government
9857,politician
9858,politician
9859,company
9860,government
9861,government
9862,company
9863,company
9864,politician
9865,government
9866,company
9867,company
9868,company
9869,company
9870,politician
9871,company
9872,government
9873,company
9874,tvshow
9875,company
9876,government
9877,company
9878,government
9879,government
9880,politician
9881,company
9882,government
9883,tvshow
9884,politician
9885,tvshow
9886,politician
9887,company
9888,politician
9889,politician
9890,politician
9891,politician
9892,company
9893,government
9894,government
9895,company
9896,politician
9897,government
9898,government
9899,politician
9900,company
9901,tvshow
9902,tvshow
9903,politician
9904,government
9905,tvshow
9906,government
9907,company
9908,company
9909,politician
9910,government
9911,government
9912,government
9913,politician
9914,politician
9915,company
9916,politician
9917,government
9918,company
9919,politician
9920,government
9921,government
9922,company
9923,government
9924,government
9925,company
9926,company
9927,politician
9928,company
9929,company
9930,politician
9931,government
9932,politician
9933,government
9934,government
9935,government
9936,government
9937,company
9938,company
9939,tvshow
9940,company
9941,tvshow
9942,government
9943,company
9944,government
9945,company
9946,tvshow
9947,company
9948,tvshow
9949,company
9950,government
9951,company
9952,politician
9953,government
9954,politician
9955,company
9956,company
9957,politician
9958,government
9959,politician
9960,company
9961,government
9962,politician
9963,government
9964,tvshow
9965,tvshow
9966,company
9967,company
9968,politician
9969,government
9970,tvshow
9971,tvshow
9972,government
9973,government
9974,government
9975,government
9976,tvshow
9977,tvshow
9978,company
9979,company
9980,company
9981,company
9982,tvshow
9983,government
9984,government
9985,politician
9986,tvshow
9987,government
9988,politician
9989,government
9990,company
9991,politician
9992,company
9993,company
9994,government
9995,government
9996,government
9997,tvshow
9998,tvshow
9999,tvshow
10000,tvshow
10001,politician
10002,company
10003,government
10004,government
10005,company
10006,government
10007,government
10008,government
10009,government
10010,politician
10011,government
10012,government
10013,politician
10014,tvshow
10015,government
10016,government
10017,government
10018,government
10019,politician
10020,politician
10021,politician
10022,company
10023,company
10024,tvshow
10025,politician
10026,company
10027,company
10028,politician
10029,company
10030,tvshow
10031,politician
10032,politician
10033,politician
10034,company
10035,government
10036,company
10037,company
10038,government
10039,tvshow
10040,government
10041,government
10042,government
10043,government
10044,politician
10045,tvshow
10046,government
10047,politician
10048,government
10049,company
10050,politician
10051,government
10052,company
10053,tvshow
10054,company
10055,government
10056,government
10057,government
10058,government
10059,company
10060,politician
10061,politician
10062,politician
10063,politician
10064,government
10065,tvshow
10066,government
10067,politician
10068,company
10069,company
10070,politician
10071,government
10072,company
10073,politician
10074,politician
10075,government
10076,politician
10077,politician
10078,tvshow
10079,politician
10080,government
10081,government
10082,company
10083,politician
10084,government
10085,company
10086,government
10087,company
10088,politician
10089,tvshow
10090,company
10091,government
10092,government
10093,government
10094,government
10095,politician
10096,government
10097,company
10098,government
10099,company
10100,government
10101,company
10102,tvshow
10103,government
10104,company
10105,government
10106,politician
10107,politician
10108,company
10109,company
10110,government
10111,government
10112,politician
10113,company
10114,government
10115,tvshow
10116,tvshow
10117,politician
10118,politician
10119,company
10120,government
10121,politician
10122,company
10123,government
10124,government
10125,company
10126,company
10127,government
10128,company
10129,tvshow
10130,politician
10131,politician
10132,politician
10133,government
10134,company
10135,company
10136,company
10137,government
10138,politician
10139,company
10140,company
10141,company
10142,tvshow
10143,government
10144,government
10145,company
10146,tvshow
10147,company
10148,government
10149,politician
10150,company
10151,tvshow
10152,tvshow
10153,tvshow
10154,politician
10155,company
10156,company
10157,government
10158,company
10159,tvshow
10160,government
10161,tvshow
10162,tvshow
10163,government
10164,tvshow
10165,company
10166,company
10167,company
10168,tvshow
10169,company
10170,company
10171,tvshow
10172,government
10173,politician
10174,politician
10175,politician
10176,company
10177,tvshow
10178,company
10179,company
10180,government
10181,politician
10182,politician
10183,government
10184,government
10185,politician
10186,politician
10187,government
10188,politician
10189,politician
10190,company
10191,politician
10192,company
10193,government
10194,company
10195,government
10196,company
10197,government
10198,company
10199,government
10200,government
10201,company
10202,politician
10203,government
10204,company
10205,government
10206,government
10207,tvshow
10208,company
10209,government
10210,company
10211,company
10212,politician
10213,tvshow
10214,politician
10215,government
10216,company
10217,politician
10218,politician
10219,company
10220,company
10221,government
10222,politician
10223,tvshow
10224,company
10225,politician
10226,company
10227,politician
10228,politician
10229,company
10230,tvshow
10231,government
10232,government
10233,tvshow
10234,company
10235,company
10236,government
10237,company
10238,company
10239,government
10240,politician
10241,government
10242,government
10243,company
10244,politician
10245,government
10246,government
10247,government
10248,government
10249,company
10250,company
10251,politician
10252,politician
10253,government
10254,tvshow
10255,company
10256,politician
10257,politician
10258,politician
10259,politician
10260,politician
10261,tvshow
10262,government
10263,government
10264,government
10265,company
10266,tvshow
10267,government
10268,government
10269,tvshow
10270,government
10271,tvshow
10272,politician
10273,company
10274,government
10275,government
10276,politician
10277,company
10278,company
10279,company
10280,government
10281,government
10282,government
10283,politician
10284,government
10285,politician
10286,government
10287,government
10288,government
10289,company
10290,politician
10291,government
10292,company
10293,politician
10294,tvshow
10295,government
10296,tvshow
10297,company
10298,company
10299,company
10300,tvshow
10301,politician
10302,government
10303,government
10304,government
10305,tvshow
10306,company
10307,politician
10308,company
10309,politician
10310,government
10311,company
10312,company
10313,company
10314,company
10315,politician
10316,politician
10317,company
10318,company
10319,government
10320,government
10321,tvshow
10322,company
10323,politician
10324,politician
10325,government
10326,politician
10327,company
10328,company
10329,company
10330,politician
10331,company
10332,government
10333,company
10334,company
10335,government
10336,politician
10337,politician
10338,company
10339,politician
10340,government
10341,tvshow
10342,company
10343,company
10344,government
10345,government
10346,tvshow
10347,company
10348,government
10349,tvshow
10350,company
10351,government
10352,politician
10353,company
10354,company
10355,company
10356,politician
10357,company
10358,company
10359,politician
10360,government
10361,politician
10362,company
10363,politician
10364,government
10365,company
10366,government
10367,government
10368,politician
10369,politician
10370,politician
10371,politician
10372,government
10373,government
10374,politician
10375,company
10376,company
10377,government
10378,politician
10379,company
10380,government
10381,tvshow
10382,politician
10383,tvshow
10384,company
10385,company
10386,government
10387,government
10388,politician
10389,politician
10390,tvshow
10391,company
10392,government
10393,government
10394,government
10395,company
10396,tvshow
10397,politician
10398,company
10399,politician
10400,politician
10401,government
10402,government
10403,government
10404,government
10405,tvshow
10406,government
10407,government
10408,tvshow
10409,politician
10410,politician
10411,company
10412,government
10413,company
10414,company
10415,government
10416,company
10417,government
10418,company
10419,government
10420,government
10421,government
10422,politician
10423,government
10424,company
10425,politician
10426,company
10427,government
10428,company
10429,politician
10430,company
10431,company
10432,company
10433,government
10434,company
10435,company
10436,company
10437,government
10438,government
10439,government
10440,government
10441,politician
10442,company
10443,tvshow
10444,politician
10445,government
10446,government
10447,company
10448,company
10449,politician
10450,politician
10451,government
10452,government
10453,company
10454,politician
10455,company
10456,government
10457,government
10458,company
10459,government
10460,politician
10461,company
10462,government
10463,company
10464,tvshow
10465,politician
10466,politician
10467,company
10468,tvshow
10469,government
10470,politician
10471,company
10472,tvshow
10473,company
10474,company
10475,company
10476,company
10477,government
10478,politician
10479,politician
10480,politician
10481,company
10482,politician
10483,politician
10484,politician
10485,politician
10486,company
10487,company
10488,politician
10489,tvshow
10490,politician
10491,politician
10492,politician
10493,government
10494,politician
10495,company
10496,politician
10497,government
10498,politician
10499,politician
10500,tvshow
10501,politician
10502,politician
10503,politician
10504,government
10505,company
10506,government
10507,company
10508,government
10509,politician
10510,tvshow
10511,politician
10512,government
10513,company
10514,politician
10515,company
10516,company
10517,politician
10518,politician
10519,company
10520,company
10521,government
10522,politician
10523,company
10524,company
10525,politician
10526,government
10527,government
10528,company
10529,politician
10530,government
10531,government
10532,company
10533,company
10534,government
10535,government
10536,company
10537,company
10538,politician
10539,company
10540,company
10541,tvshow
10542,government
10543,politician
10544,company
10545,government
10546,politician
10547,company
10548,government
10549,company
10550,tvshow
10551,tvshow
10552,government
10553,politician
10554,government
10555,government
10556,politician
10557,company
10558,tvshow
10559,politician
10560,company
10561,politician
10562,company
10563,politician
10564,tvshow
10565,government
10566,company
10567,government
10568,company
10569,tvshow
10570,tvshow
10571,company
10572,government
10573,company
10574,politician
10575,government
10576,government
10577,government
10578,politician
10579,government
10580,politician
10581,company
10582,politician
10583,government
10584,tvshow
10585,government
10586,government
10587,tvshow
10588,company
10589,tvshow
10590,politician
10591,government
10592,company
10593,government
10594,government
10595,tvshow
10596,company
10597,politician
10598,politician
10599,government
10600,tvshow
10601,tvshow
10602,government
10603,politician
10604,government
10605,politician
10606,company
10607,company
10608,politician
10609,tvshow
10610,government
10611,tvshow
10612,government
10613,company
10614,government
10615,government
10616,politician
10617,politician
10618,government
10619,government
10620,tvshow
10621,company
10622,company
10623,government
10624,politician
10625,company
10626,tvshow
10627,tvshow
10628,company
10629,tvshow
10630,government
10631,politician
10632,company
10633,company
10634,government
10635,politician
10636,company
10637,government
10638,company
10639,politician
10640,politician
10641,company
10642,government
10643,government
10644,company
10645,government
10646,company
10647,company
10648,company
10649,politician
10650,government
10651,politician
10652,politician
10653,company
10654,company
10655,politician
10656,government
10657,government
10658,politician
10659,government
10660,government
10661,tvshow
10662,politician
10663,company
10664,company
10665,politician
10666,government
10667,government
10668,tvshow
10669,company
10670,company
10671,tvshow
10672,tvshow
10673,politician
10674,politician
10675,government
10676,government
10677,politician
10678,politician
10679,government
10680,government
10681,politician
10682,company
10683,company
10684,tvshow
10685,government
10686,government
10687,politician
10688,government
10689,company
10690,company
10691,company
10692,company
10693,government
10694,company
10695,government
10696,company
10697,tvshow
10698,politician
10699,government
10700,tvshow
10701,government
10702,government
10703,government
10704,tvshow
10705,tvshow
10706,company
10707,tvshow
10708,government
10709,company
10710,government
10711,company
10712,tvshow
10713,politician
10714,government
10715,government
10716,politician
10717,politician
10718,politician
10719,company
10720,company
10721,company
10722,company
10723,politician
10724,government
10725,government
10726,politician
10727,company
10728,company
10729,company
10730,politician
10731,politician
10732,government
10733,company
10734,tvshow
10735,politician
10736,government
10737,politician
10738,government
10739,government
10740,company
10741,politician
10742,government
10743,company
10744,company
10745,politician
10746,company
10747,company
10748,politician
10749,politician
10750,company
10751,government
10752,government
10753,company
10754,politician
10755,government
10756,politician
10757,politician
10758,government
10759,tvshow
10760,tvshow
10761,politician
10762,politician
10763,tvshow
10764,government
10765,company
10766,tvshow
10767,government
10768,company
10769,tvshow
10770,government
10771,government
10772,tvshow
10773,government
10774,tvshow
10775,company
10776,government
10777,company
10778,company
10779,politician
10780,government
10781,company
10782,government
10783,company
10784,government
10785,politician
10786,government
10787,politician
10788,politician
10789,politician
10790,government
10791,government
10792,government
10793,government
10794,government
10795,government
10796,tvshow
10797,government
10798,government
10799,government
10800,government
10801,company
10802,politician
10803,government
10804,government
10805,company
10806,company
10807,government
10808,government
10809,politician
10810,government
10811,government
10812,company
10813,government
10814,tvshow
10815,politician
10816,company
10817,company
10818,company
10819,politician
10820,company
10821,company
10822,company
10823,politician
10824,tvshow
10825,government
10826,politician
10827,tvshow
10828,government
10829,politician
10830,company
10831,politician
10832,government
10833,tvshow
10834,politician
10835,government
10836,politician
10837,tvshow
10838,government
10839,company
10840,government
10841,company
10842,politician
10843,company
10844,politician
10845,government
10846,tvshow
10847,politician
10848,tvshow
10849,tvshow
10850,company
10851,government
10852,company
10853,company
10854,government
10855,tvshow
10856,politician
10857,company
10858,tvshow
10859,government
10860,company
10861,politician
10862,government
10863,company
10864,company
10865,government
10866,politician
10867,company
10868,politician
10869,company
10870,politician
10871,government
10872,government
10873,tvshow
10874,politician
10875,company
10876,politician
10877,tvshow
10878,tvshow
10879,government
10880,politician
10881,politician
10882,tvshow
10883,government
10884,tvshow
10885,government
10886,company
10887,government
10888,government
10889,government
10890,tvshow
10891,company
10892,company
10893,tvshow
10894,politician
10895,politician
10896,company
10897,company
10898,tvshow
10899,government
10900,company
10901,company
10902,tvshow
10903,company
10904,company
10905,politician
10906,company
10907,government
10908,politician
10909,company
10910,company
10911,government
10912,company
10913,government
10914,government
10915,government
10916,politician
10917,politician
10918,government
10919,company
10920,tvshow
10921,politician
10922,company
10923,tvshow
10924,government
10925,company
10926,government
10927,government
10928,government
10929,company
10930,politician
10931,government
10932,company
10933,politician
10934,government
10935,government
10936,company
10937,politician
10938,tvshow
10939,tvshow
10940,company
10941,company
10942,politician
10943,politician
10944,tvshow
10945,tvshow
10946,government
10947,politician
10948,government
10949,government
10950,government
10951,government
10952,politician
10953,government
10954,politician
10955,government
10956,politician
10957,company
10958,company
10959,company
10960,government
10961,politician
10962,politician
10963,politician
10964,politician
10965,company
10966,politician
10967,government
10968,government
10969,politician
10970,government
10971,politician
10972,company
10973,company
10974,tvshow
10975,tvshow
10976,company
10977,government
10978,government
10979,politician
10980,politician
10981,tvshow
10982,politician
10983,government
10984,politician
10985,government
10986,company
10987,politician
10988,government
10989,government
10990,company
10991,politician
10992,company
10993,company
10994,company
10995,company
10996,politician
10997,government
10998,government
10999,company
11000,tvshow
11001,company
11002,company
11003,company
11004,politician
11005,government
11006,government
11007,politician
11008,government
11009,tvshow
11010,politician
11011,politician
11012,politician
11013,company
11014,politician
11015,politician
11016,tvshow
11017,government
11018,government
11019,government
11020,politician
11021,government
11022,government
11023,company
11024,tvshow
11025,politician
11026,company
11027,politician
11028,tvshow
11029,company
11030,company
11031,government
11032,politician
11033,company
11034,government
11035,government
11036,tvshow
11037,politician
11038,tvshow
11039,company
11040,company
11041,politician
11042,government
11043,tvshow
11044,government
11045,politician
11046,government
11047,company
11048,tvshow
11049,government
11050,politician
11051,company
11052,tvshow
11053,company
11054,politician
11055,politician
11056,tvshow
11057,government
11058,tvshow
11059,company
11060,government
11061,tvshow
11062,company
11063,government
11064,government
11065,company
11066,company
11067,government
11068,government
11069,company
11070,company
11071,government
11072,company
11073,company
11074,company
11075,government
11076,company
11077,government
11078,politician
11079,government
11080,government
11081,politician
11082,politician
11083,government
11084,tvshow
11085,government
11086,politician
11087,tvshow
11088,politician
11089,tvshow
11090,government
11091,government
11092,company
11093,government
11094,government
11095,tvshow
11096,tvshow
11097,company
11098,politician
11099,government
11100,politician
11101,company
11102,tvshow
11103,politician
11104,government
11105,company
11106,company
11107,company
11108,company
11109,politician
11110,company
11111,politician
11112,company
11113,government
11114,government
11115,tvshow
11116,company
11117,company
11118,company
11119,government
11120,government
11121,company
11122,government
11123,company
11124,government
11125,politician
11126,government
11127,tvshow
11128,tvshow
11129,government
11130,politician
11131,tvshow
11132,company
11133,company
11134,government
11135,government
11136,company
11137,company
11138,tvshow
11139,politician
11140,politician
11141,politician
11142,government
11143,government
11144,politician
11145,company
11146,government
11147,company
11148,company
11149,tvshow
11150,politician
11151,politician
11152,tvshow
11153,company
11154,politician
11155,company
11156,politician
11157,company
11158,company
11159,politician
11160,company
11161,politician
11162,politician
11163,politician
11164,government
11165,politician
11166,politician
11167,government
11168,company
11169,government
11170,company
11171,politician
11172,government
11173,politician
11174,tvshow
11175,government
11176,government
11177,company
11178,government
11179,politician
11180,politician
11181,government
11182,politician
11183,tvshow
11184,tvshow
11185,government
11186,tvshow
11187,government
11188,government
11189,government
11190,government
11191,company
11192,politician
11193,politician
11194,government
11195,government
11196,company
11197,government
11198,company
11199,government
11200,government
11201,politician
11202,government
11203,politician
11204,company
11205,company
11206,company
11207,politician
11208,company
11209,tvshow
11210,government
11211,company
11212,company
11213,company
11214,government
11215,company
11216,government
11217,company
11218,politician
11219,government
11220,politician
11221,company
11222,tvshow
11223,company
11224,politician
11225,company
11226,company
11227,government
11228,company
11229,politician
11230,government
11231,company
11232,government
11233,government
11234,company
11235,company
11236,government
11237,government
11238,company
11239,company
11240,government
11241,company
11242,tvshow
11243,politician
11244,politician
11245,government
11246,politician
11247,government
11248,government
11249,tvshow
11250,politician
11251,government
11252,politician
11253,government
11254,company
11255,company
11256,tvshow
11257,tvshow
11258,politician
11259,politician
11260,company
11261,government
11262,politician
11263,government
11264,tvshow
11265,tvshow
11266,politician
11267,government
11268,politician
11269,politician
11270,government
11271,politician
11272,company
11273,politician
11274,government
11275,politician
11276,government
11277,tvshow
11278,government
11279,government
11280,politician
11281,government
11282,government
11283,politician
11284,government
11285,tvshow
11286,politician
11287,tvshow
11288,politician
11289,politician
11290,government
11291,politician
11292,company
11293,politician
11294,company
11295,politician
11296,tvshow
11297,politician
11298,politician
11299,company
11300,politician
11301,government
11302,government
11303,tvshow
11304,government
11305,company
11306,government
11307,tvshow
11308,government
11309,government
11310,government
11311,politician
11312,tvshow
11313,company
11314,government
11315,government
11316,government
11317,politician
11318,government
11319,politician
11320,government
11321,tvshow
11322,politician
11323,company
11324,government
11325,politician
11326,tvshow
11327,politician
11328,company
11329,politician
11330,tvshow
11331,tvshow
11332,government
11333,company
11334,tvshow
11335,politician
11336,government
11337,government
11338,company
11339,politician
11340,politician
11341,politician
11342,government
11343,company
11344,tvshow
11345,company
11346,company
11347,government
11348,government
11349,government
11350,tvshow
11351,company
11352,government
11353,government
11354,politician
11355,company
11356,tvshow
11357,government
11358,tvshow
11359,tvshow
11360,government
11361,company
11362,company
11363,politician
11364,government
11365,government
11366,company
11367,government
11368,company
11369,tvshow
11370,politician
11371,politician
11372,company
11373,government
11374,company
11375,government
11376,tvshow
11377,government
11378,politician
11379,politician
11380,government
11381,tvshow
11382,tvshow
11383,company
11384,company
11385,company
11386,company
11387,company
11388,politician
11389,government
11390,government
11391,tvshow
11392,government
11393,company
11394,company
11395,company
11396,politician
11397,company
11398,politician
11399,government
11400,tvshow
11401,company
11402,government
11403,company
11404,tvshow
11405,tvshow
11406,government
11407,company
11408,politician
11409,politician
11410,government
11411,politician
11412,government
11413,politician
11414,politician
11415,company
11416,tvshow
11417,government
11418,company
11419,politician
11420,government
11421,company
11422,company
11423,government
11424,tvshow
11425,politician
11426,government
11427,government
11428,government
11429,tvshow
11430,company
11431,government
11432,government
11433,government
11434,government
11435,company
11436,company
11437,government
11438,company
11439,politician
11440,government
11441,government
11442,company
11443,government
11444,government
11445,government
11446,company
11447,politician
11448,tvshow
11449,company
11450,government
11451,company
11452,tvshow
11453,company
11454,government
11455,tvshow
11456,company
11457,politician
11458,government
11459,company
11460,company
11461,government
11462,government
11463,politician
11464,company
11465,company
11466,government
11467,government
11468,government
11469,company
11470,tvshow
11471,politician
11472,company
11473,government
11474,tvshow
11475,company
11476,tvshow
11477,politician
11478,politician
11479,government
11480,tvshow
11481,politician
11482,company
11483,politician
11484,politician
11485,government
11486,politician
11487,company
11488,politician
11489,government
11490,politician
11491,government
11492,government
11493,politician
11494,government
11495,tvshow
11496,company
11497,government
11498,tvshow
11499,government
11500,tvshow
11501,company
11502,company
11503,politician
11504,company
11505,tvshow
11506,company
11507,government
11508,politician
11509,company
11510,company
11511,company
11512,politician
11513,government
11514,politician
11515,politician
11516,company
11517,government
11518,government
11519,company
11520,company
11521,government
11522,company
11523,politician
11524,company
11525,politician
11526,politician
11527,politician
11528,government
11529,politician
11530,government
11531,tvshow
11532,politician
11533,company
11534,company
11535,government
11536,politician
11537,tvshow
11538,company
11539,government
11540,company
11541,tvshow
11542,government
11543,company
11544,government
11545,politician
11546,company
11547,politician
11548,company
11549,government
11550,government
11551,company
11552,politician
11553,government
11554,government
11555,government
11556,politician
11557,tvshow
11558,company
11559,tvshow
11560,company
11561,politician
11562,company
11563,government
11564,tvshow
11565,company
11566,politician
11567,tvshow
11568,government
11569,tvshow
11570,politician
11571,politician
11572,government
11573,government
11574,company
11575,company
11576,company
11577,tvshow
11578,politician
11579,company
11580,tvshow
11581,tvshow
11582,tvshow
11583,government
11584,politician
11585,company
11586,politician
11587,government
11588,tvshow
11589,tvshow
11590,politician
11591,politician
11592,company
11593,politician
11594,government
11595,government
11596,tvshow
11597,government
11598,government
11599,company
11600,government
11601,company
11602,company
11603,government
11604,politician
11605,government
11606,government
11607,company
11608,company
11609,company
11610,government
11611,politician
11612,politician
11613,government
11614,tvshow
11615,company
11616,politician
11617,company
11618,government
11619,politician
11620,politician
11621,company
11622,politician
11623,company
11624,politician
11625,tvshow
11626,company
11627,government
11628,company
11629,tvshow
11630,government
11631,company
11632,government
11633,tvshow
11634,government
11635,government
11636,tvshow
11637,government
11638,government
11639,tvshow
11640,government
11641,tvshow
11642,politician
11643,tvshow
11644,company
11645,government
11646,tvshow
11647,company
11648,company
11649,politician
11650,company
11651,politician
11652,tvshow
11653,company
11654,government
11655,tvshow
11656,company
11657,tvshow
11658,government
11659,company
11660,tvshow
11661,tvshow
11662,politician
11663,tvshow
11664,politician
11665,politician
11666,company
11667,politician
11668,company
11669,company
11670,company
11671,company
11672,government
11673,government
11674,government
11675,politician
11676,politician
11677,tvshow
11678,government
11679,company
11680,tvshow
11681,politician
11682,company
11683,company
11684,government
11685,government
11686,company
11687,company
11688,government
11689,government
11690,politician
11691,tvshow
11692,government
11693,tvshow
11694,politician
11695,politician
11696,politician
11697,politician
11698,tvshow
11699,government
11700,politician
11701,tvshow
11702,politician
11703,company
11704,company
11705,government
11706,company
11707,politician
11708,politician
11709,tvshow
11710,politician
11711,politician
11712,company
11713,politician
11714,company
11715,tvshow
11716,tvshow
11717,government
11718,company
11719,tvshow
11720,politician
11721,company
11722,company
11723,tvshow
11724,politician
11725,tvshow
11726,government
11727,government
11728,government
11729,company
11730,tvshow
11731,company
11732,government
11733,government
11734,tvshow
11735,government
11736,government
11737,government
11738,company
11739,company
11740,politician
11741,company
11742,company
11743,company
11744,tvshow
11745,tvshow
11746,company
11747,government
11748,politician
11749,company
11750,politician
11751,company
11752,company
11753,company
11754,company
11755,government
11756,company
11757,government
11758,politician
11759,politician
11760,government
11761,company
11762,tvshow
11763,government
11764,tvshow
11765,government
11766,company
11767,tvshow
11768,politician
11769,politician
11770,politician
11771,politician
11772,government
11773,company
11774,government
11775,company
11776,government
11777,politician
11778,politician
11779,government
11780,government
11781,government
11782,company
11783,politician
11784,government
11785,company
11786,company
11787,politician
11788,government
11789,company
11790,company
11791,tvshow
11792,tvshow
11793,company
11794,politician
11795,government
11796,company
11797,politician
11798,government
11799,company
11800,government
11801,company
11802,government
11803,politician
11804,government
11805,government
11806,politician
11807,government
11808,politician
11809,politician
11810,company
11811,tvshow
11812,company
11813,company
11814,company
11815,company
11816,government
11817,government
11818,government
11819,company
11820,company
11821,tvshow
11822,government
11823,government
11824,politician
11825,company
11826,politician
11827,politician
11828,government
11829,politician
11830,company
11831,politician
11832,politician
11833,politician
11834,politician
11835,government
11836,politician
11837,politician
11838,company
11839,company
11840,politician
11841,company
11842,company
11843,politician
11844,tvshow
11845,tvshow
11846,government
11847,government
11848,company
11849,tvshow
11850,politician
11851,tvshow
11852,tvshow
11853,government
11854,politician
11855,company
11856,government
11857,tvshow
11858,government
11859,politician
11860,company
11861,government
11862,tvshow
11863,government
11864,tvshow
11865,government
11866,politician
11867,politician
11868,government
11869,politician
11870,company
11871,government
11872,company
11873,tvshow
11874,tvshow
11875,company
11876,tvshow
11877,company
11878,government
11879,tvshow
11880,politician
11881,company
11882,politician
11883,politician
11884,government
11885,government
11886,government
11887,company
11888,politician
11889,company
11890,company
11891,tvshow
11892,company
11893,tvshow
11894,politician
11895,government
11896,government
11897,company
11898,politician
11899,politician
11900,company
11901,company
11902,government
11903,company
11904,tvshow
11905,government
11906,politician
11907,company
11908,government
11909,politician
11910,politician
11911,government
11912,politician
11913,government
11914,politician
11915,government
11916,government
11917,politician
11918,company
11919,company
11920,company
11921,company
11922,company
11923,government
11924,tvshow
11925,company
11926,company
11927,company
11928,politician
11929,government
11930,politician
11931,company
11932,company
11933,company
11934,company
11935,government
11936,tvshow
11937,company
11938,tvshow
11939,government
11940,tvshow
11941,politician
11942,company
11943,government
11944,government
11945,politician
11946,politician
11947,politician
11948,government
11949,politician
11950,politician
11951,politician
11952,company
11953,politician
11954,government
11955,government
11956,government
11957,tvshow
11958,government
11959,politician
11960,company
11961,company
11962,government
11963,tvshow
11964,government
11965,government
11966,company
11967,government
11968,politician
11969,tvshow
11970,politician
11971,politician
11972,government
11973,government
11974,government
11975,politician
11976,company
11977,government
11978,tvshow
11979,politician
11980,government
11981,tvshow
11982,government
11983,politician
11984,government
11985,company
11986,company
11987,politician
11988,tvshow
11989,politician
11990,tvshow
11991,government
11992,company
11993,politician
11994,company
11995,government
11996,company
11997,company
11998,company
11999,politician
12000,politician
12001,government
12002,politician
12003,politician
12004,politician
12005,politician
12006,politician
12007,company
12008,government
12009,tvshow
12010,politician
12011,politician
12012,government
12013,politician
12014,company
12015,tvshow
12016,company
12017,politician
12018,government
12019,politician
12020,government
12021,company
12022,politician
12023,company
12024,government
12025,company
12026,tvshow
12027,company
12028,government
12029,company
12030,politician
12031,company
12032,tvshow
12033,politician
12034,tvshow
12035,politician
12036,politician
12037,politician
12038,politician
12039,politician
12040,government
12041,tvshow
12042,tvshow
12043,politician
12044,government
12045,government
12046,government
12047,company
12048,politician
12049,government
12050,politician
12051,government
12052,politician
12053,company
12054,politician
12055,company
12056,politician
12057,politician
12058,politician
12059,politician
12060,company
12061,company
12062,politician
12063,politician
12064,tvshow
12065,politician
12066,government
12067,politician
12068,company
12069,tvshow
12070,company
12071,company
12072,company
12073,government
12074,company
12075,company
12076,politician
12077,tvshow
12078,government
12079,tvshow
12080,company
12081,tvshow
12082,government
12083,company
12084,company
12085,government
12086,company
12087,politician
12088,government
12089,government
12090,company
12091,company
12092,company
12093,government
12094,government
12095,tvshow
12096,government
12097,company
12098,company
12099,government
12100,company
12101,government
12102,politician
12103,government
12104,company
12105,government
12106,politician
12107,politician
12108,tvshow
12109,company
12110,government
12111,company
12112,politician
12113,politician
12114,government
12115,company
12116,politician
12117,politician
12118,company
12119,government
12120,company
12121,tvshow
12122,politician
12123,politician
12124,company
12125,politician
12126,company
12127,company
12128,company
12129,tvshow
12130,company
12131,politician
12132,politician
12133,company
12134,company
12135,politician
12136,government
12137,government
12138,tvshow
12139,tvshow
12140,company
12141,politician
12142,government
12143,government
12144,government
12145,government
12146,company
12147,tvshow
12148,government
12149,company
12150,tvshow
12151,government
12152,government
12153,government
12154,government
12155,government
12156,government
12157,company
12158,government
12159,tvshow
12160,company
12161,politician
12162,politician
12163,government
12164,politician
12165,company
12166,company
12167,politician
12168,government
12169,politician
12170,government
12171,company
12172,politician
12173,company
12174,company
12175,tvshow
12176,government
12177,government
12178,politician
12179,government
12180,tvshow
12181,politician
12182,tvshow
12183,government
12184,government
12185,company
12186,government
12187,politician
12188,government
12189,government
12190,government
12191,government
12192,company
12193,tvshow
12194,government
12195,tvshow
12196,company
12197,government
12198,company
12199,tvshow
12200,politician
12201,politician
12202,company
12203,politician
12204,company
12205,company
12206,company
12207,government
12208,company
12209,politician
12210,government
12211,politician
12212,government
12213,politician
12214,government
12215,government
12216,politician
12217,politician
12218,tvshow
12219,government
12220,government
12221,company
12222,government
12223,politician
12224,company
12225,government
12226,government
12227,government
12228,politician
12229,politician
12230,company
12231,politician
12232,government
12233,tvshow
12234,politician
12235,politician
12236,tvshow
12237,company
12238,tvshow
12239,government
12240,politician
12241,company
12242,tvshow
12243,government
12244,government
12245,tvshow
12246,company
12247,politician
12248,government
12249,politician
12250,government
12251,politician
12252,company
12253,tvshow
12254,tvshow
12255,government
12256,tvshow
12257,government
12258,tvshow
12259,company
12260,politician
12261,politician
12262,politician
12263,politician
12264,company
12265,company
12266,tvshow
12267,politician
12268,politician
12269,government
12270,government
12271,company
12272,government
12273,government
12274,tvshow
12275,politician
12276,tvshow
12277,government
12278,politician
12279,politician
12280,tvshow
12281,government
12282,politician
12283,company
12284,government
12285,politician
12286,company
12287,politician
12288,company
12289,government
12290,government
12291,politician
12292,company
12293,government
12294,company
12295,company
12296,politician
12297,politician
12298,politician
12299,government
12300,tvshow
12301,politician
12302,tvshow
12303,company
12304,company
12305,government
12306,company
12307,company
12308,company
12309,politician
12310,politician
12311,politician
12312,company
12313,tvshow
12314,government
12315,government
12316,government
12317,company
12318,company
12319,tvshow
12320,tvshow
12321,politician
12322,politician
12323,politician
12324,company
12325,government
12326,government
12327,tvshow
12328,company
12329,company
12330,tvshow
12331,politician
12332,politician
12333,government
12334,government
12335,company
12336,tvshow
12337,politician
12338,government
12339,tvshow
12340,company
12341,politician
12342,government
12343,tvshow
12344,company
12345,politician
12346,company
12347,government
12348,government
12349,government
12350,government
12351,politician
12352,company
12353,tvshow
12354,government
12355,company
12356,company
12357,company
12358,government
12359,government
12360,company
12361,company
12362,politician
12363,company
12364,politician
12365,tvshow
12366,company
12367,company
12368,company
12369,tvshow
12370,company
12371,politician
12372,government
12373,government
12374,company
12375,company
12376,government
12377,company
12378,company
12379,company
12380,company
12381,company
12382,tvshow
12383,company
12384,tvshow
12385,company
12386,company
12387,government
12388,tvshow
12389,politician
12390,politician
12391,company
12392,politician
12393,company
12394,tvshow
12395,government
12396,government
12397,company
12398,government
12399,company
12400,company
12401,company
12402,company
12403,politician
12404,government
12405,politician
12406,government
12407,politician
12408,government
12409,government
12410,government
12411,company
12412,government
12413,politician
12414,government
12415,company
12416,company
12417,government
12418,company
12419,government
12420,government
12421,politician
12422,government
12423,company
12424,company
12425,politician
12426,tvshow
12427,company
12428,politician
12429,government
12430,company
12431,tvshow
12432,company
12433,politician
12434,tvshow
12435,government
12436,company
12437,tvshow
12438,government
12439,company
12440,company
12441,government
12442,government
12443,company
12444,government
12445,politician
12446,government
12447,government
12448,politician
12449,government
12450,tvshow
12451,government
12452,company
12453,government
12454,tvshow
12455,government
12456,government
12457,government
12458,politician
12459,government
12460,government
12461,politician
12462,government
12463,government
12464,politician
12465,government
12466,government
12467,company
12468,company
12469,government
12470,government
12471,government
12472,company
12473,politician
12474,government
12475,tvshow
12476,government
12477,government
12478,government
12479,government
12480,politician
12481,politician
12482,tvshow
12483,politician
12484,politician
12485,tvshow
12486,government
12487,company
12488,politician
12489,tvshow
12490,government
12491,government
12492,company
12493,politician
12494,politician
12495,politician
12496,government
12497,government
12498,company
12499,politician
12500,government
12501,government
12502,tvshow
12503,politician
12504,government
12505,government
12506,company
12507,company
12508,politician
12509,politician
12510,company
12511,government
12512,politician
12513,politician
12514,politician
12515,tvshow
12516,company
12517,government
12518,tvshow
12519,tvshow
12520,tvshow
12521,government
12522,company
12523,politician
12524,government
12525,government
12526,politician
12527,company
12528,government
12529,politician
12530,company
12531,politician
12532,government
12533,tvshow
12534,politician
12535,government
12536,company
12537,politician
12538,company
12539,company
12540,company
12541,tvshow
12542,politician
12543,politician
12544,government
12545,government
12546,company
12547,tvshow
12548,government
12549,government
12550,company
12551,company
12552,tvshow
12553,politician
12554,government
12555,tvshow
12556,politician
12557,company
12558,company
12559,government
12560,government
12561,company
12562,company
12563,company
12564,government
12565,company
12566,tvshow
12567,tvshow
12568,company
12569,government
12570,tvshow
12571,company
12572,company
12573,company
12574,company
12575,government
12576,politician
12577,government
12578,tvshow
12579,company
12580,politician
12581,company
12582,government
12583,company
12584,politician
12585,politician
12586,politician
12587,politician
12588,politician
12589,company
12590,politician
12591,politician
12592,company
12593,tvshow
12594,politician
12595,company
12596,company
12597,company
12598,tvshow
12599,government
12600,government
12601,government
12602,company
12603,tvshow
12604,government
12605,company
12606,government
12607,politician
12608,tvshow
12609,company
12610,government
12611,politician
12612,politician
12613,tvshow
12614,government
12615,politician
12616,politician
12617,politician
12618,politician
12619,politician
12620,politician
12621,company
12622,government
12623,government
12624,company
12625,politician
12626,politician
12627,politician
12628,company
12629,company
12630,government
12631,government
12632,tvshow
12633,company
12634,government
12635,company
12636,company
12637,government
12638,politician
12639,government
12640,government
12641,politician
12642,government
12643,government
12644,government
12645,company
12646,politician
12647,government
12648,politician
12649,government
12650,company
12651,tvshow
12652,politician
12653,tvshow
12654,politician
12655,government
12656,government
12657,government
12658,company
12659,government
12660,company
12661,company
12662,tvshow
12663,politician
12664,politician
12665,tvshow
12666,government
12667,government
12668,company
12669,company
12670,politician
12671,company
12672,government
12673,politician
12674,politician
12675,government
12676,politician
12677,company
12678,company
12679,government
12680,politician
12681,politician
12682,politician
12683,government
12684,company
12685,company
12686,tvshow
12687,government
12688,company
12689,company
12690,politician
12691,politician
12692,politician
12693,politician
12694,politician
12695,government
12696,politician
12697,government
12698,tvshow
12699,government
12700,tvshow
12701,company
12702,government
12703,company
12704,government
12705,government
12706,politician
12707,government
12708,company
12709,company
12710,company
12711,politician
12712,politician
12713,politician
12714,company
12715,government
12716,tvshow
12717,politician
12718,company
12719,government
12720,company
12721,government
12722,company
12723,government
12724,government
12725,company
12726,company
12727,tvshow
12728,company
12729,politician
12730,politician
12731,government
12732,company
12733,company
12734,government
12735,company
12736,company
12737,company
12738,politician
12739,politician
12740,politician
12741,government
12742,company
12743,politician
12744,company
12745,tvshow
12746,tvshow
12747,company
12748,politician
12749,tvshow
12750,tvshow
12751,government
12752,company
12753,company
12754,government
12755,tvshow
12756,politician
12757,government
12758,company
12759,government
12760,company
12761,government
12762,government
12763,government
12764,politician
12765,government
12766,company
12767,tvshow
12768,company
12769,government
12770,politician
12771,tvshow
12772,politician
12773,politician
12774,company
12775,tvshow
12776,company
12777,politician
12778,politician
12779,politician
12780,tvshow
12781,government
12782,company
12783,politician
12784,politician
12785,company
12786,government
12787,politician
12788,government
12789,politician
12790,government
12791,company
12792,company
12793,company
12794,company
12795,tvshow
12796,tvshow
12797,company
12798,tvshow
12799,company
12800,government
12801,company
12802,company
12803,tvshow
12804,government
12805,politician
12806,company
12807,politician
12808,government
12809,politician
12810,company
12811,politician
12812,tvshow
12813,tvshow
12814,government
12815,company
12816,politician
12817,government
12818,government
12819,company
12820,company
12821,politician
12822,politician
12823,tvshow
12824,company
12825,company
12826,government
12827,government
12828,politician
12829,company
12830,politician
12831,tvshow
12832,government
12833,government
12834,tvshow
12835,government
12836,company
12837,government
12838,tvshow
12839,company
12840,company
12841,government
12842,company
12843,government
12844,tvshow
12845,tvshow
12846,company
12847,company
12848,tvshow
12849,company
12850,government
12851,company
12852,government
12853,government
12854,politician
12855,tvshow
12856,company
12857,tvshow
12858,company
12859,company
12860,company
12861,politician
12862,company
12863,company
12864,company
12865,company
12866,tvshow
12867,company
12868,politician
12869,government
12870,government
12871,tvshow
12872,government
12873,politician
12874,politician
12875,politician
12876,tvshow
12877,government
12878,politician
12879,government
12880,politician
12881,government
12882,company
12883,politician
12884,company
12885,politician
12886,company
12887,government
12888,politician
12889,government
12890,politician
12891,government
12892,company
12893,company
12894,tvshow
12895,politician
12896,company
12897,government
12898,politician
12899,government
12900,government
12901,government
12902,company
12903,politician
12904,company
12905,tvshow
12906,government
12907,politician
12908,politician
12909,government
12910,politician
12911,company
12912,government
12913,company
12914,government
12915,company
12916,politician
12917,company
12918,government
12919,politician
12920,government
12921,government
12922,tvshow
12923,tvshow
12924,politician
12925,company
12926,company
12927,government
12928,company
12929,politician
12930,tvshow
12931,company
12932,company
12933,company
12934,government
12935,government
12936,company
12937,government
12938,government
12939,government
12940,government
12941,company
12942,politician
12943,tvshow
12944,tvshow
12945,company
12946,politician
12947,government
12948,company
12949,company
12950,government
12951,tvshow
12952,politician
12953,government
12954,politician
12955,politician
12956,company
12957,company
12958,tvshow
12959,politician
12960,politician
12961,company
12962,government
12963,tvshow
12964,tvshow
12965,government
12966,politician
12967,politician
12968,government
12969,politician
12970,politician
12971,tvshow
12972,politician
12973,government
12974,company
12975,government
12976,company
12977,government
12978,company
12979,politician
12980,politician
12981,tvshow
12982,tvshow
12983,company
12984,politician
12985,tvshow
12986,tvshow
12987,company
12988,government
12989,politician
12990,government
12991,government
12992,company
12993,government
12994,government
12995,company
12996,government
12997,government
12998,government
12999,company
13000,government
13001,tvshow
13002,tvshow
13003,government
13004,government
13005,politician
13006,politician
13007,politician
13008,tvshow
13009,politician
13010,company
13011,politician
13012,tvshow
13013,tvshow
13014,government
13015,politician
13016,government
13017,company
13018,tvshow
13019,company
13020,company
13021,government
13022,government
13023,tvshow
13024,company
13025,politician
13026,company
13027,company
13028,company
13029,company
13030,government
13031,tvshow
13032,company
13033,politician
13034,government
13035,politician
13036,politician
13037,company
13038,government
13039,government
13040,government
13041,politician
13042,company
13043,company
13044,politician
13045,tvshow
13046,politician
13047,company
13048,tvshow
13049,government
13050,politician
13051,politician
13052,tvshow
13053,company
13054,politician
13055,company
13056,tvshow
13057,politician
13058,politician
13059,company
13060,politician
13061,company
13062,politician
13063,government
13064,government
13065,company
13066,politician
13067,government
13068,politician
13069,government
13070,politician
13071,company
13072,government
13073,politician
13074,politician
13075,tvshow
13076,tvshow
13077,government
13078,government
13079,tvshow
13080,government
13081,politician
13082,government
13083,politician
13084,company
13085,politician
13086,company
13087,company
13088,politician
13089,government
13090,politician
13091,tvshow
13092,company
13093,government
13094,government
13095,government
13096,company
13097,company
13098,company
13099,government
13100,politician
13101,government
13102,government
13103,politician
13104,tvshow
13105,government
13106,politician
13107,government
13108,company
13109,company
13110,government
13111,tvshow
13112,government
13113,government
13114,company
13115,company
13116,company
13117,government
13118,company
13119,politician
13120,company
13121,politician
13122,government
13123,government
13124,company
13125,company
13126,company
13127,company
13128,company
13129,company
13130,tvshow
13131,government
13132,company
13133,company
13134,politician
13135,politician
13136,company
13137,company
13138,tvshow
13139,politician
13140,government
13141,tvshow
13142,politician
13143,politician
13144,company
13145,tvshow
13146,politician
13147,tvshow
13148,government
13149,politician
13150,government
13151,company
13152,politician
13153,company
13154,company
13155,government
13156,government
13157,tvshow
13158,government
13159,tvshow
13160,government
13161,politician
13162,politician
13163,government
13164,politician
13165,government
13166,government
13167,tvshow
13168,tvshow
13169,company
13170,politician
13171,government
13172,tvshow
13173,politician
13174,politician
13175,government
13176,politician
13177,politician
13178,tvshow
13179,politician
13180,politician
13181,company
13182,government
13183,company
13184,company
13185,government
13186,company
13187,government
13188,company
13189,company
13190,government
13191,government
13192,government
13193,politician
13194,politician
13195,government
13196,politician
13197,government
13198,government
13199,politician
13200,tvshow
13201,government
13202,company
13203,government
13204,government
13205,government
13206,company
13207,tvshow
13208,company
13209,government
13210,company
13211,tvshow
13212,government
13213,government
13214,government
13215,company
13216,company
13217,government
13218,tvshow
13219,tvshow
13220,politician
13221,company
13222,company
13223,politician
13224,government
13225,government
13226,government
13227,government
13228,politician
13229,government
13230,company
13231,government
13232,company
13233,politician
13234,company
13235,government
13236,politician
13237,company
13238,government
13239,company
13240,government
13241,politician
13242,tvshow
13243,government
13244,government
13245,company
13246,politician
13247,politician
13248,company
13249,company
13250,company
13251,company
13252,company
13253,government
13254,company
13255,company
13256,government
13257,government
13258,tvshow
13259,politician
13260,tvshow
13261,government
13262,politician
13263,company
13264,government
13265,government
13266,politician
13267,government
13268,politician
13269,politician
13270,politician
13271,tvshow
13272,company
13273,government
13274,politician
13275,company
13276,government
13277,politician
13278,government
13279,politician
13280,government
13281,politician
13282,company
13283,tvshow
13284,company
13285,politician
13286,government
13287,politician
13288,tvshow
13289,politician
13290,politician
13291,government
13292,government
13293,company
13294,government
13295,government
13296,tvshow
13297,tvshow
13298,government
13299,tvshow
13300,government
13301,government
13302,tvshow
13303,tvshow
13304,government
13305,government
13306,politician
13307,tvshow
13308,company
13309,company
13310,government
13311,government
13312,government
13313,company
13314,government
13315,politician
13316,company
13317,government
13318,government
13319,government
13320,politician
13321,politician
13322,politician
13323,politician
13324,government
13325,company
13326,government
13327,company
13328,government
13329,tvshow
13330,company
13331,company
13332,company
13333,government
13334,politician
13335,tvshow
13336,government
13337,company
13338,company
13339,government
13340,company
13341,politician
13342,politician
13343,company
13344,company
13345,government
13346,company
13347,government
13348,politician
13349,government
13350,tvshow
13351,government
13352,government
13353,government
13354,government
13355,company
13356,company
13357,company
13358,company
13359,government
13360,company
13361,company
13362,government
13363,government
13364,company
13365,tvshow
13366,politician
13367,tvshow
13368,company
13369,politician
13370,tvshow
13371,politician
13372,company
13373,company
13374,company
13375,politician
13376,company
13377,tvshow
13378,government
13379,government
13380,company
13381,company
13382,company
13383,government
13384,tvshow
13385,government
13386,politician
13387,government
13388,company
13389,company
13390,company
13391,government
13392,company
13393,company
13394,government
13395,politician
13396,tvshow
13397,government
13398,company
13399,government
13400,company
13401,government
13402,politician
13403,company
13404,politician
13405,company
13406,politician
13407,government
13408,company
13409,tvshow
13410,government
13411,politician
13412,politician
13413,tvshow
13414,government
13415,tvshow
13416,government
13417,government
13418,tvshow
13419,government
13420,politician
13421,tvshow
13422,company
13423,company
13424,company
13425,company
13426,tvshow
13427,government
13428,politician
13429,government
13430,tvshow
13431,company
13432,politician
13433,government
13434,politician
13435,government
13436,tvshow
13437,tvshow
13438,tvshow
13439,politician
13440,government
13441,company
13442,government
13443,tvshow
13444,company
13445,company
13446,government
13447,politician
13448,tvshow
13449,tvshow
13450,company
13451,government
13452,company
13453,tvshow
13454,government
13455,company
13456,company
13457,government
13458,government
13459,government
13460,government
13461,government
13462,company
13463,company
13464,tvshow
13465,government
13466,government
13467,tvshow
13468,tvshow
13469,politician
13470,politician
13471,government
13472,company
13473,politician
13474,government
13475,tvshow
13476,politician
13477,government
13478,tvshow
13479,government
13480,tvshow
13481,politician
13482,politician
13483,politician
13484,tvshow
13485,politician
13486,government
13487,government
13488,government
13489,government
13490,company
13491,tvshow
13492,company
13493,government
13494,tvshow
13495,politician
13496,company
13497,politician
13498,government
13499,company
13500,politician
13501,politician
13502,company
13503,government
13504,tvshow
13505,politician
13506,politician
13507,company
13508,politician
13509,tvshow
13510,government
13511,company
13512,government
13513,company
13514,company
13515,company
13516,politician
13517,politician
13518,politician
13519,company
13520,company
13521,politician
13522,government
13523,government
13524,politician
13525,government
13526,government
13527,company
13528,politician
13529,politician
13530,company
13531,government
13532,tvshow
13533,government
13534,politician
13535,company
13536,tvshow
13537,politician
13538,politician
13539,politician
13540,company
13541,tvshow
13542,government
13543,government
13544,government
13545,government
13546,company
13547,politician
13548,government
13549,politician
13550,company
13551,company
13552,politician
13553,government
13554,government
13555,government
13556,tvshow
13557,company
13558,tvshow
13559,politician
13560,tvshow
13561,government
13562,government
13563,politician
13564,politician
13565,company
13566,government
13567,politician
13568,tvshow
13569,politician
13570,company
13571,politician
13572,politician
13573,politician
13574,tvshow
13575,government
13576,tvshow
13577,government
13578,politician
13579,company
13580,company
13581,company
13582,tvshow
13583,government
13584,government
13585,government
13586,company
13587,tvshow
13588,company
13589,company
13590,company
13591,company
13592,politician
13593,politician
13594,government
13595,company
13596,government
13597,government
13598,company
13599,government
13600,government
13601,government
13602,government
13603,government
13604,company
13605,politician
13606,government
13607,company
13608,company
13609,company
13610,politician
13611,tvshow
13612,government
13613,company
13614,government
13615,tvshow
13616,government
13617,tvshow
13618,politician
13619,company
13620,company
13621,company
13622,tvshow
13623,company
13624,politician
13625,politician
13626,politician
13627,politician
13628,company
13629,government
13630,company
13631,company
13632,tvshow
13633,company
13634,tvshow
13635,government
13636,tvshow
13637,company
13638,company
13639,tvshow
13640,politician
13641,company
13642,company
13643,company
13644,company
13645,tvshow
13646,politician
13647,tvshow
13648,company
13649,company
13650,government
13651,tvshow
13652,government
13653,politician
13654,government
13655,politician
13656,tvshow
13657,politician
13658,politician
13659,politician
13660,company
13661,politician
13662,government
13663,company
13664,company
13665,company
13666,tvshow
13667,politician
13668,politician
13669,government
13670,government
13671,tvshow
13672,company
13673,government
13674,politician
13675,company
13676,tvshow
13677,company
13678,tvshow
13679,company
13680,tvshow
13681,company
13682,company
13683,government
13684,company
13685,tvshow
13686,company
13687,company
13688,government
13689,government
13690,company
13691,government
13692,company
13693,tvshow
13694,company
13695,government
13696,politician
13697,tvshow
13698,government
13699,politician
13700,company
13701,company
13702,company
13703,government
13704,company
13705,company
13706,company
13707,government
13708,government
13709,company
13710,government
13711,government
13712,company
13713,tvshow
13714,politician
13715,politician
13716,tvshow
13717,government
13718,politician
13719,government
13720,government
13721,company
13722,company
13723,government
13724,company
13725,government
13726,government
13727,company
13728,government
13729,politician
13730,tvshow
13731,tvshow
13732,tvshow
13733,company
13734,tvshow
13735,politician
13736,politician
13737,government
13738,government
13739,company
13740,company
13741,company
13742,government
13743,government
13744,company
13745,company
13746,politician
13747,tvshow
13748,politician
13749,government
13750,politician
13751,politician
13752,company
13753,company
13754,government
13755,tvshow
13756,government
13757,politician
13758,politician
13759,government
13760,government
13761,politician
13762,company
13763,politician
13764,company
13765,company
13766,politician
13767,company
13768,politician
13769,government
13770,politician
13771,company
13772,tvshow
13773,company
13774,tvshow
13775,company
13776,politician
13777,politician
13778,tvshow
13779,tvshow
13780,politician
13781,company
13782,politician
13783,politician
13784,government
13785,government
13786,politician
13787,politician
13788,government
13789,politician
13790,tvshow
13791,government
13792,tvshow
13793,politician
13794,company
13795,government
13796,company
13797,politician
13798,politician
13799,tvshow
13800,tvshow
13801,company
13802,politician
13803,government
13804,tvshow
13805,company
13806,company
13807,politician
13808,government
13809,government
13810,company
13811,politician
13812,government
13813,tvshow
13814,politician
13815,politician
13816,company
13817,company
13818,tvshow
13819,government
13820,tvshow
13821,company
13822,government
13823,government
13824,tvshow
13825,politician
13826,politician
13827,company
13828,government
13829,government
13830,government
13831,politician
13832,politician
13833,government
13834,company
13835,government
13836,government
13837,company
13838,tvshow
13839,tvshow
13840,politician
13841,company
13842,government
13843,company
13844,government
13845,politician
13846,politician
13847,government
13848,company
13849,politician
13850,tvshow
13851,politician
13852,tvshow
13853,tvshow
13854,company
13855,government
13856,politician
13857,politician
13858,government
13859,government
13860,politician
13861,company
13862,politician
13863,government
13864,politician
13865,government
13866,company
13867,politician
13868,politician
13869,government
13870,company
13871,company
13872,government
13873,government
13874,company
13875,government
13876,government
13877,company
13878,company
13879,tvshow
13880,company
13881,tvshow
13882,politician
13883,government
13884,company
13885,company
13886,company
13887,company
13888,company
13889,government
13890,tvshow
13891,politician
13892,politician
13893,tvshow
13894,company
13895,company
13896,politician
13897,tvshow
13898,government
13899,politician
13900,government
13901,government
13902,company
13903,company
13904,politician
13905,politician
13906,company
13907,company
13908,government
13909,government
13910,company
13911,tvshow
13912,company
13913,tvshow
13914,company
13915,company
13916,government
13917,company
13918,politician
13919,government
13920,politician
13921,tvshow
13922,government
13923,tvshow
13924,government
13925,government
13926,government
13927,company
13928,government
13929,government
13930,government
13931,company
13932,politician
13933,government
13934,company
13935,company
13936,government
13937,company
13938,company
13939,government
13940,company
13941,government
13942,company
13943,company
13944,tvshow
13945,politician
13946,tvshow
13947,tvshow
13948,politician
13949,politician
13950,company
13951,politician
13952,politician
13953,company
13954,company
13955,tvshow
13956,government
13957,company
13958,government
13959,government
13960,politician
13961,politician
13962,government
13963,government
13964,politician
13965,company
13966,company
13967,politician
13968,politician
13969,politician
13970,company
13971,tvshow
13972,government
13973,company
13974,company
13975,government
13976,tvshow
13977,politician
13978,politician
13979,politician
13980,company
13981,company
13982,company
13983,government
13984,company
13985,company
13986,politician
13987,company
13988,government
13989,government
13990,government
13991,company
13992,tvshow
13993,company
13994,politician
13995,government
13996,tvshow
13997,company
13998,tvshow
13999,government
14000,company
14001,company
14002,government
14003,tvshow
14004,tvshow
14005,company
14006,government
14007,company
14008,politician
14009,company
14010,tvshow
14011,company
14012,company
14013,government
14014,politician
14015,government
14016,politician
14017,tvshow
14018,politician
14019,politician
14020,tvshow
14021,government
14022,politician
14023,company
14024,company
14025,politician
14026,tvshow
14027,company
14028,government
14029,company
14030,politician
14031,politician
14032,government
14033,government
14034,company
14035,politician
14036,company
14037,government
14038,tvshow
14039,politician
14040,politician
14041,tvshow
14042,company
14043,company
14044,company
14045,government
14046,government
14047,tvshow
14048,government
14049,government
14050,government
14051,government
14052,politician
14053,government
14054,tvshow
14055,company
14056,politician
14057,company
14058,government
14059,government
14060,politician
14061,government
14062,government
14063,government
14064,government
14065,company
14066,government
14067,tvshow
14068,politician
14069,company
14070,politician
14071,government
14072,government
14073,government
14074,politician
14075,company
14076,government
14077,company
14078,tvshow
14079,politician
14080,government
14081,tvshow
14082,politician
14083,government
14084,company
14085,government
14086,politician
14087,government
14088,tvshow
14089,government
14090,politician
14091,tvshow
14092,company
14093,tvshow
14094,government
14095,government
14096,politician
14097,government
14098,company
14099,government
14100,company
14101,government
14102,government
14103,government
14104,politician
14105,government
14106,tvshow
14107,government
14108,politician
14109,government
14110,government
14111,government
14112,politician
14113,tvshow
14114,government
14115,government
14116,government
14117,politician
14118,politician
14119,politician
14120,company
14121,tvshow
14122,tvshow
14123,company
14124,politician
14125,politician
14126,politician
14127,government
14128,tvshow
14129,tvshow
14130,government
14131,company
14132,politician
14133,tvshow
14134,government
14135,tvshow
14136,company
14137,politician
14138,company
14139,government
14140,company
14141,company
14142,politician
14143,government
14144,government
14145,government
14146,government
14147,company
14148,politician
14149,politician
14150,tvshow
14151,government
14152,tvshow
14153,government
14154,government
14155,government
14156,politician
14157,government
14158,tvshow
14159,company
14160,politician
14161,tvshow
14162,company
14163,tvshow
14164,government
14165,government
14166,government
14167,government
14168,company
14169,politician
14170,tvshow
14171,politician
14172,politician
14173,government
14174,government
14175,government
14176,government
14177,company
14178,company
14179,company
14180,government
14181,company
14182,government
14183,company
14184,politician
14185,tvshow
14186,company
14187,government
14188,politician
14189,company
14190,government
14191,government
14192,tvshow
14193,government
14194,government
14195,politician
14196,tvshow
14197,company
14198,tvshow
14199,tvshow
14200,government
14201,government
14202,company
14203,company
14204,government
14205,government
14206,government
14207,government
14208,tvshow
14209,politician
14210,government
14211,government
14212,company
14213,company
14214,government
14215,company
14216,tvshow
14217,company
14218,government
14219,politician
14220,government
14221,government
14222,company
14223,government
14224,company
14225,politician
14226,politician
14227,politician
14228,politician
14229,company
14230,tvshow
14231,politician
14232,company
14233,government
14234,government
14235,government
14236,company
14237,tvshow
14238,politician
14239,company
14240,politician
14241,company
14242,politician
14243,tvshow
14244,government
14245,company
14246,government
14247,company
14248,tvshow
14249,company
14250,government
14251,government
14252,company
14253,politician
14254,government
14255,company
14256,company
14257,company
14258,politician
14259,politician
14260,government
14261,government
14262,politician
14263,politician
14264,government
14265,politician
14266,company
14267,tvshow
14268,politician
14269,politician
14270,tvshow
14271,government
14272,government
14273,government
14274,government
14275,tvshow
14276,politician
14277,company
14278,company
14279,politician
14280,company
14281,government
14282,politician
14283,politician
14284,company
14285,politician
14286,tvshow
14287,politician
14288,government
14289,tvshow
14290,tvshow
14291,company
14292,politician
14293,tvshow
14294,politician
14295,tvshow
14296,government
14297,tvshow
14298,politician
14299,company
14300,tvshow
14301,politician
14302,company
14303,politician
14304,company
14305,politician
14306,tvshow
14307,government
14308,government
14309,tvshow
14310,government
14311,politician
14312,politician
14313,company
14314,politician
14315,government
14316,company
14317,company
14318,government
14319,government
14320,government
14321,politician
14322,company
14323,politician
14324,government
14325,politician
14326,tvshow
14327,company
14328,government
14329,tvshow
14330,company
14331,government
14332,company
14333,politician
14334,company
14335,politician
14336,politician
14337,company
14338,tvshow
14339,government
14340,tvshow
14341,politician
14342,government
14343,politician
14344,government
14345,government
14346,company
14347,government
14348,company
14349,government
14350,politician
14351,politician
14352,company
14353,government
14354,government
14355,tvshow
14356,company
14357,government
14358,tvshow
14359,company
14360,company
14361,government
14362,politician
14363,company
14364,company
14365,politician
14366,company
14367,company
14368,government
14369,politician
14370,company
14371,politician
14372,government
14373,company
14374,tvshow
14375,company
14376,tvshow
14377,tvshow
14378,company
14379,company
14380,government
14381,government
14382,government
14383,government
14384,government
14385,tvshow
14386,politician
14387,government
14388,company
14389,government
14390,politician
14391,politician
14392,politician
14393,government
14394,politician
14395,company
14396,politician
14397,company
14398,politician
14399,tvshow
14400,tvshow
14401,government
14402,company
14403,government
14404,government
14405,company
14406,government
14407,company
14408,government
14409,politician
14410,government
14411,government
14412,government
14413,tvshow
14414,politician
14415,government
14416,government
14417,politician
14418,tvshow
14419,politician
14420,politician
14421,politician
14422,company
14423,government
14424,politician
14425,company
14426,politician
14427,politician
14428,company
14429,tvshow
14430,government
14431,politician
14432,politician
14433,politician
14434,company
14435,company
14436,politician
14437,company
14438,politician
14439,company
14440,government
14441,politician
14442,politician
14443,tvshow
14444,politician
14445,government
14446,tvshow
14447,politician
14448,government
14449,politician
14450,tvshow
14451,government
14452,government
14453,company
14454,government
14455,government
14456,company
14457,tvshow
14458,company
14459,government
14460,company
14461,government
14462,government
14463,politician
14464,government
14465,company
14466,politician
14467,company
14468,politician
14469,government
14470,government
14471,company
14472,politician
14473,politician
14474,politician
14475,company
14476,politician
14477,government
14478,government
14479,government
14480,company
14481,politician
14482,tvshow
14483,government
14484,politician
14485,company
14486,politician
14487,government
14488,government
14489,government
14490,company
14491,tvshow
14492,government
14493,government
14494,government
14495,government
14496,company
14497,company
14498,government
14499,tvshow
14500,company
14501,company
14502,politician
14503,government
14504,politician
14505,politician
14506,politician
14507,government
14508,company
14509,tvshow
14510,politician
14511,politician
14512,tvshow
14513,politician
14514,government
14515,politician
14516,politician
14517,politician
14518,company
14519,government
14520,tvshow
14521,government
14522,politician
14523,company
14524,government
14525,politician
14526,company
14527,government
14528,company
14529,company
14530,politician
14531,politician
14532,politician
14533,company
14534,company
14535,government
14536,company
14537,company
14538,tvshow
14539,government
14540,politician
14541,company
14542,tvshow
14543,government
14544,company
14545,government
14546,government
14547,government
14548,government
14549,tvshow
14550,company
14551,company
14552,tvshow
14553,government
14554,company
14555,tvshow
14556,company
14557,company
14558,company
14559,government
14560,company
14561,politician
14562,government
14563,government
14564,company
14565,government
14566,government
14567,government
14568,tvshow
14569,tvshow
14570,company
14571,government
14572,company
14573,tvshow
14574,politician
14575,company
14576,politician
14577,government
14578,government
14579,government
14580,company
14581,government
14582,government
14583,company
14584,company
14585,government
14586,politician
14587,company
14588,company
14589,politician
14590,politician
14591,politician
14592,politician
14593,politician
14594,tvshow
14595,politician
14596,company
14597,tvshow
14598,government
14599,company
14600,politician
14601,politician
14602,company
14603,tvshow
14604,government
14605,government
14606,government
14607,government
14608,company
14609,government
14610,company
14611,politician
14612,company
14613,company
14614,company
14615,politician
14616,tvshow
14617,company
14618,politician
14619,tvshow
14620,company
14621,company
14622,company
14623,tvshow
14624,government
14625,government
14626,company
14627,company
14628,politician
14629,politician
14630,government
14631,politician
14632,government
14633,politician
14634,politician
14635,government
14636,government
14637,company
14638,company
14639,company
14640,politician
14641,government
14642,company
14643,government
14644,government
14645,government
14646,politician
14647,government
14648,company
14649,government
14650,politician
14651,politician
14652,company
14653,government
14654,government
14655,tvshow
14656,government
14657,government
14658,company
14659,government
14660,government
14661,government
14662,government
14663,politician
14664,politician
14665,government
14666,company
14667,government
14668,government
14669,politician
14670,company
14671,company
14672,government
14673,politician
14674,politician
14675,politician
14676,government
14677,tvshow
14678,government
14679,government
14680,government
14681,government
14682,company
14683,government
14684,government
14685,tvshow
14686,government
14687,government
14688,company
14689,company
14690,government
14691,politician
14692,government
14693,government
14694,company
14695,government
14696,company
14697,government
14698,tvshow
14699,politician
14700,company
14701,government
14702,company
14703,politician
14704,tvshow
14705,company
14706,politician
14707,government
14708,company
14709,company
14710,government
14711,government
14712,company
14713,politician
14714,company
14715,government
14716,company
14717,government
14718,tvshow
14719,government
14720,company
14721,politician
14722,company
14723,tvshow
14724,government
14725,politician
14726,company
14727,government
14728,politician
14729,company
14730,government
14731,company
14732,politician
14733,politician
14734,government
14735,tvshow
14736,company
14737,company
14738,government
14739,company
14740,tvshow
14741,company
14742,company
14743,tvshow
14744,politician
14745,company
14746,company
14747,government
14748,company
14749,government
14750,company
14751,company
14752,government
14753,company
14754,government
14755,government
14756,politician
14757,company
14758,tvshow
14759,company
14760,government
14761,government
14762,politician
14763,company
14764,politician
14765,tvshow
14766,government
14767,politician
14768,tvshow
14769,government
14770,government
14771,politician
14772,company
14773,politician
14774,government
14775,company
14776,company
14777,tvshow
14778,government
14779,government
14780,government
14781,politician
14782,government
14783,tvshow
14784,government
14785,politician
14786,tvshow
14787,government
14788,tvshow
14789,government
14790,politician
14791,government
14792,politician
14793,company
14794,company
14795,government
14796,politician
14797,government
14798,tvshow
14799,company
14800,politician
14801,tvshow
14802,government
14803,government
14804,government
14805,tvshow
14806,tvshow
14807,politician
14808,company
14809,government
14810,government
14811,politician
14812,politician
14813,company
14814,company
14815,company
14816,government
14817,company
14818,politician
14819,company
14820,company
14821,government
14822,government
14823,politician
14824,politician
14825,government
14826,government
14827,company
14828,politician
14829,politician
14830,company
14831,company
14832,tvshow
14833,government
14834,government
14835,politician
14836,government
14837,government
14838,government
14839,government
14840,government
14841,company
14842,company
14843,government
14844,company
14845,tvshow
14846,tvshow
14847,company
14848,government
14849,politician
14850,company
14851,politician
14852,government
14853,government
14854,government
14855,tvshow
14856,tvshow
14857,politician
14858,government
14859,politician
14860,tvshow
14861,government
14862,politician
14863,politician
14864,politician
14865,government
14866,government
14867,politician
14868,company
14869,company
14870,politician
14871,politician
14872,politician
14873,company
14874,government
14875,government
14876,government
14877,government
14878,company
14879,government
14880,tvshow
14881,tvshow
14882,government
14883,politician
14884,company
14885,company
14886,company
14887,government
14888,government
14889,company
14890,company
14891,company
14892,politician
14893,politician
14894,company
14895,politician
14896,government
14897,company
14898,company
14899,government
14900,company
14901,government
14902,tvshow
14903,politician
14904,government
14905,company
14906,company
14907,government
14908,tvshow
14909,company
14910,company
14911,politician
14912,government
14913,company
14914,company
14915,company
14916,politician
14917,tvshow
14918,politician
14919,government
14920,company
14921,government
14922,tvshow
14923,company
14924,company
14925,company
14926,company
14927,government
14928,company
14929,government
14930,government
14931,politician
14932,government
14933,company
14934,tvshow
14935,politician
14936,tvshow
14937,company
14938,politician
14939,tvshow
14940,company
14941,company
14942,government
14943,tvshow
14944,company
14945,government
14946,company
14947,government
14948,politician
14949,company
14950,politician
14951,politician
14952,politician
14953,politician
14954,government
14955,politician
14956,company
14957,government
14958,politician
14959,politician
14960,company
14961,politician
14962,government
14963,tvshow
14964,government
14965,tvshow
14966,politician
14967,government
14968,company
14969,tvshow
14970,politician
14971,politician
14972,company
14973,politician
14974,politician
14975,government
14976,government
14977,government
14978,tvshow
14979,government
14980,politician
14981,tvshow
14982,government
14983,government
14984,politician
14985,tvshow
14986,tvshow
14987,tvshow
14988,company
14989,government
14990,company
14991,government
14992,company
14993,politician
14994,politician
14995,politician
14996,company
14997,government
14998,tvshow
14999,government
15000,politician
15001,company
15002,company
15003,politician
15004,politician
15005,politician
15006,politician
15007,government
15008,politician
15009,government
15010,company
15011,company
15012,government
15013,government
15014,tvshow
15015,politician
15016,company
15017,tvshow
15018,politician
15019,government
15020,government
15021,government
15022,politician
15023,government
15024,company
15025,tvshow
15026,politician
15027,government
15028,company
15029,politician
15030,company
15031,politician
15032,government
15033,politician
15034,company
15035,company
15036,government
15037,company
15038,government
15039,politician
15040,company
15041,tvshow
15042,politician
15043,government
15044,politician
15045,government
15046,politician
15047,government
15048,company
15049,government
15050,government
15051,politician
15052,company
15053,government
15054,tvshow
15055,tvshow
15056,company
15057,government
15058,company
15059,company
15060,politician
15061,politician
15062,government
15063,tvshow
15064,government
15065,government
15066,company
15067,government
15068,company
15069,politician
15070,government
15071,government
15072,company
15073,government
15074,government
15075,company
15076,government
15077,government
15078,company
15079,company
15080,company
15081,tvshow
15082,politician
15083,government
15084,company
15085,government
15086,government
15087,government
15088,company
15089,company
15090,government
15091,government
15092,company
15093,politician
15094,government
15095,politician
15096,company
15097,government
15098,company
15099,government
15100,company
15101,politician
15102,politician
15103,government
15104,government
15105,politician
15106,government
15107,tvshow
15108,politician
15109,company
15110,company
15111,government
15112,government
15113,politician
15114,company
15115,government
15116,government
15117,government
15118,company
15119,tvshow
15120,government
15121,company
15122,tvshow
15123,government
15124,politician
15125,politician
15126,politician
15127,tvshow
15128,politician
15129,company
15130,government
15131,government
15132,government
15133,company
15134,company
15135,politician
15136,politician
15137,tvshow
15138,company
15139,government
15140,government
15141,company
15142,government
15143,government
15144,politician
15145,government
15146,politician
15147,government
15148,government
15149,tvshow
15150,tvshow
15151,government
15152,government
15153,politician
15154,government
15155,tvshow
15156,politician
15157,company
15158,government
15159,company
15160,government
15161,company
15162,company
15163,tvshow
15164,government
15165,politician
15166,company
15167,politician
15168,company
15169,politician
15170,company
15171,tvshow
15172,government
15173,company
15174,company
15175,government
15176,company
15177,company
15178,government
15179,politician
15180,politician
15181,politician
15182,politician
15183,politician
15184,politician
15185,politician
15186,politician
15187,government
15188,politician
15189,government
15190,politician
15191,government
15192,politician
15193,politician
15194,politician
15195,politician
15196,government
15197,tvshow
15198,tvshow
15199,company
15200,politician
15201,government
15202,company
15203,company
15204,politician
15205,politician
15206,politician
15207,government
15208,politician
15209,politician
15210,company
15211,politician
15212,tvshow
15213,company
15214,government
15215,politician
15216,politician
15217,politician
15218,government
15219,politician
15220,politician
15221,tvshow
15222,tvshow
15223,politician
15224,government
15225,government
15226,company
15227,politician
15228,company
15229,government
15230,tvshow
15231,company
15232,politician
15233,government
15234,company
15235,company
15236,company
15237,government
15238,government
15239,company
15240,government
15241,politician
15242,company
15243,government
15244,government
15245,company
15246,politician
15247,company
15248,politician
15249,politician
15250,government
15251,government
15252,tvshow
15253,government
15254,company
15255,government
15256,government
15257,politician
15258,company
15259,government
15260,politician
15261,politician
15262,government
15263,company
15264,government
15265,tvshow
15266,government
15267,company
15268,government
15269,politician
15270,tvshow
15271,politician
15272,government
15273,politician
15274,tvshow
15275,company
15276,politician
15277,government
15278,company
15279,politician
15280,company
15281,government
15282,government
15283,politician
15284,government
15285,politician
15286,government
15287,company
15288,politician
15289,company
15290,government
15291,government
15292,tvshow
15293,company
15294,company
15295,government
15296,company
15297,company
15298,government
15299,company
15300,government
15301,government
15302,government
15303,company
15304,company
15305,company
15306,company
15307,tvshow
15308,company
15309,company
15310,government
15311,company
15312,government
15313,politician
15314,government
15315,government
15316,company
15317,tvshow
15318,government
15319,politician
15320,politician
15321,politician
15322,politician
15323,politician
15324,government
15325,government
15326,politician
15327,company
15328,company
15329,government
15330,politician
15331,company
15332,tvshow
15333,tvshow
15334,government
15335,company
15336,politician
15337,company
15338,politician
15339,government
15340,company
15341,tvshow
15342,politician
15343,government
15344,government
15345,politician
15346,government
15347,company
15348,tvshow
15349,company
15350,politician
15351,politician
15352,tvshow
15353,politician
15354,government
15355,company
15356,company
15357,tvshow
15358,government
15359,politician
15360,company
15361,tvshow
15362,company
15363,politician
15364,politician
15365,government
15366,company
15367,tvshow
15368,company
15369,government
15370,politician
15371,company
15372,tvshow
15373,government
15374,tvshow
15375,company
15376,tvshow
15377,tvshow
15378,government
15379,company
15380,tvshow
15381,company
15382,company
15383,company
15384,politician
15385,politician
15386,politician
15387,company
15388,government
15389,government
15390,tvshow
15391,government
15392,company
15393,company
15394,politician
15395,tvshow
15396,company
15397,tvshow
15398,tvshow
15399,politician
15400,politician
15401,company
15402,government
15403,government
15404,government
15405,government
15406,politician
15407,government
15408,tvshow
15409,government
15410,tvshow
15411,politician
15412,politician
15413,politician
15414,politician
15415,company
15416,tvshow
15417,tvshow
15418,government
15419,politician
15420,tvshow
15421,politician
15422,company
15423,politician
15424,company
15425,tvshow
15426,government
15427,tvshow
15428,government
15429,politician
15430,tvshow
15431,politician
15432,company
15433,politician
15434,company
15435,government
15436,politician
15437,tvshow
15438,government
15439,company
15440,politician
15441,politician
15442,company
15443,tvshow
15444,government
15445,company
15446,politician
15447,tvshow
15448,company
15449,government
15450,company
15451,politician
15452,tvshow
15453,company
15454,company
15455,tvshow
15456,company
15457,company
15458,politician
15459,government
15460,company
15461,politician
15462,government
15463,government
15464,government
15465,politician
15466,company
15467,politician
15468,politician
15469,government
15470,company
15471,politician
15472,company
15473,politician
15474,company
15475,government
15476,politician
15477,government
15478,tvshow
15479,company
15480,government
15481,tvshow
15482,government
15483,tvshow
15484,government
15485,politician
15486,politician
15487,government
15488,tvshow
15489,government
15490,company
15491,tvshow
15492,company
15493,tvshow
15494,company
15495,politician
15496,tvshow
15497,company
15498,company
15499,company
15500,tvshow
15501,company
15502,company
15503,government
15504,government
15505,company
15506,tvshow
15507,government
15508,government
15509,company
15510,government
15511,politician
15512,tvshow
15513,politician
15514,company
15515,politician
15516,politician
15517,company
15518,government
15519,government
15520,politician
15521,company
15522,government
15523,company
15524,politician
15525,politician
15526,government
15527,tvshow
15528,politician
15529,company
15530,tvshow
15531,company
15532,government
15533,government
15534,tvshow
15535,government
15536,government
15537,tvshow
15538,politician
15539,company
15540,government
15541,government
15542,government
15543,tvshow
15544,government
15545,politician
15546,tvshow
15547,government
15548,politician
15549,company
15550,company
15551,company
15552,company
15553,politician
15554,politician
15555,tvshow
15556,company
15557,tvshow
15558,company
15559,politician
15560,company
15561,government
15562,government
15563,government
15564,government
15565,government
15566,tvshow
15567,government
15568,politician
15569,government
15570,government
15571,government
15572,government
15573,government
15574,tvshow
15575,tvshow
15576,tvshow
15577,politician
15578,politician
15579,tvshow
15580,government
15581,politician
15582,government
15583,government
15584,politician
15585,government
15586,company
15587,politician
15588,company
15589,tvshow
15590,politician
15591,company
15592,politician
15593,company
15594,politician
15595,government
15596,company
15597,government
15598,tvshow
15599,politician
15600,politician
15601,government
15602,government
15603,company
15604,government
15605,company
15606,politician
15607,politician
15608,politician
15609,politician
15610,politician
15611,tvshow
15612,company
15613,politician
15614,company
15615,company
15616,government
15617,company
15618,company
15619,company
15620,politician
15621,government
15622,government
15623,company
15624,politician
15625,company
15626,company
15627,government
15628,company
15629,company
15630,politician
15631,tvshow
15632,government
15633,politician
15634,government
15635,politician
15636,politician
15637,government
15638,government
15639,politician
15640,politician
15641,politician
15642,politician
15643,government
15644,government
15645,politician
15646,politician
15647,government
15648,government
15649,government
15650,government
15651,company
15652,politician
15653,politician
15654,politician
15655,company
15656,government
15657,company
15658,politician
15659,politician
15660,tvshow
15661,government
15662,politician
15663,tvshow
15664,government
15665,politician
15666,politician
15667,government
15668,company
15669,company
15670,government
15671,tvshow
15672,company
15673,politician
15674,tvshow
15675,government
15676,company
15677,government
15678,government
15679,government
15680,company
15681,company
15682,tvshow
15683,politician
15684,politician
15685,politician
15686,company
15687,politician
15688,government
15689,government
15690,tvshow
15691,government
15692,company
15693,politician
15694,company
15695,tvshow
15696,company
15697,politician
15698,government
15699,government
15700,company
15701,politician
15702,politician
15703,company
15704,politician
15705,politician
15706,tvshow
15707,government
15708,company
15709,company
15710,company
15711,tvshow
15712,tvshow
15713,company
15714,government
15715,politician
15716,tvshow
15717,government
15718,politician
15719,company
15720,politician
15721,government
15722,government
15723,government
15724,company
15725,politician
15726,tvshow
15727,politician
15728,company
15729,politician
15730,company
15731,company
15732,politician
15733,government
15734,government
15735,company
15736,politician
15737,government
15738,government
15739,tvshow
15740,company
15741,politician
15742,politician
15743,government
15744,company
15745,tvshow
15746,government
15747,company
15748,tvshow
15749,tvshow
15750,government
15751,company
15752,company
15753,company
15754,politician
15755,politician
15756,company
15757,government
15758,company
15759,politician
15760,politician
15761,government
15762,government
15763,government
15764,government
15765,tvshow
15766,politician
15767,government
15768,company
15769,company
15770,company
15771,company
15772,tvshow
15773,tvshow
15774,government
15775,company
15776,company
15777,government
15778,company
15779,politician
15780,company
15781,politician
15782,politician
15783,government
15784,tvshow
15785,politician
15786,government
15787,politician
15788,politician
15789,government
15790,company
15791,company
15792,company
15793,company
15794,tvshow
15795,company
15796,politician
15797,company
15798,tvshow
15799,company
15800,politician
15801,government
15802,government
15803,politician
15804,company
15805,government
15806,company
15807,government
15808,company
15809,politician
15810,politician
15811,company
15812,company
15813,company
15814,government
15815,government
15816,company
15817,government
15818,politician
15819,company
15820,tvshow
15821,government
15822,government
15823,politician
15824,government
15825,government
15826,government
15827,company
15828,company
15829,company
15830,politician
15831,government
15832,government
15833,company
15834,government
15835,politician
15836,tvshow
15837,tvshow
15838,government
15839,politician
15840,tvshow
15841,company
15842,government
15843,company
15844,company
15845,politician
15846,company
15847,politician
15848,politician
15849,company
15850,government
15851,government
15852,politician
15853,company
15854,company
15855,government
15856,company
15857,politician
15858,company
15859,government
15860,government
15861,company
15862,company
15863,company
15864,government
15865,tvshow
15866,politician
15867,company
15868,politician
15869,government
15870,tvshow
15871,tvshow
15872,government
15873,tvshow
15874,politician
15875,company
15876,tvshow
15877,politician
15878,company
15879,politician
15880,company
15881,tvshow
15882,politician
15883,company
15884,politician
15885,government
15886,tvshow
15887,government
15888,company
15889,politician
15890,company
15891,company
15892,politician
15893,company
15894,politician
15895,government
15896,politician
15897,government
15898,company
15899,company
15900,government
15901,tvshow
15902,government
15903,tvshow
15904,company
15905,company
15906,politician
15907,politician
15908,government
15909,tvshow
15910,company
15911,company
15912,company
15913,politician
15914,government
15915,government
15916,company
15917,politician
15918,company
15919,government
15920,company
15921,politician
15922,tvshow
15923,politician
15924,government
15925,tvshow
15926,government
15927,government
15928,company
15929,politician
15930,politician
15931,tvshow
15932,tvshow
15933,government
15934,company
15935,government
15936,company
15937,tvshow
15938,company
15939,company
15940,politician
15941,tvshow
15942,company
15943,tvshow
15944,company
15945,government
15946,company
15947,government
15948,tvshow
15949,government
15950,government
15951,politician
15952,government
15953,company
15954,government
15955,government
15956,company
15957,politician
15958,politician
15959,company
15960,government
15961,government
15962,government
15963,company
15964,government
15965,tvshow
15966,politician
15967,politician
15968,government
15969,politician
15970,government
15971,government
15972,tvshow
15973,politician
15974,politician
15975,government
15976,politician
15977,company
15978,company
15979,politician
15980,government
15981,government
15982,government
15983,company
15984,government
15985,company
15986,government
15987,company
15988,company
15989,politician
15990,tvshow
15991,tvshow
15992,politician
15993,government
15994,company
15995,company
15996,politician
15997,company
15998,tvshow
15999,government
16000,tvshow
16001,company
16002,politician
16003,government
16004,tvshow
16005,politician
16006,company
16007,tvshow
16008,politician
16009,politician
16010,company
16011,politician
16012,tvshow
16013,politician
16014,government
16015,tvshow
16016,politician
16017,politician
16018,tvshow
16019,company
16020,politician
16021,tvshow
16022,government
16023,politician
16024,government
16025,company
16026,company
16027,company
16028,politician
16029,government
16030,politician
16031,government
16032,company
16033,government
16034,company
16035,tvshow
16036,government
16037,tvshow
16038,company
16039,government
16040,politician
16041,government
16042,company
16043,government
16044,government
16045,tvshow
16046,government
16047,company
16048,government
16049,company
16050,company
16051,government
16052,politician
16053,government
16054,government
16055,tvshow
16056,company
16057,politician
16058,politician
16059,company
16060,government
16061,company
16062,politician
16063,politician
16064,government
16065,company
16066,politician
16067,company
16068,politician
16069,company
16070,company
16071,politician
16072,government
16073,politician
16074,government
16075,company
16076,company
16077,company
16078,company
16079,politician
16080,politician
16081,company
16082,politician
16083,government
16084,government
16085,government
16086,government
16087,politician
16088,tvshow
16089,company
16090,company
16091,government
16092,politician
16093,company
16094,government
16095,government
16096,politician
16097,government
16098,government
16099,government
16100,politician
16101,tvshow
16102,politician
16103,government
16104,tvshow
16105,tvshow
16106,tvshow
16107,politician
16108,politician
16109,politician
16110,company
16111,company
16112,politician
16113,politician
16114,politician
16115,politician
16116,tvshow
16117,company
16118,politician
16119,company
16120,government
16121,tvshow
16122,politician
16123,government
16124,company
16125,politician
16126,tvshow
16127,politician
16128,politician
16129,politician
16130,politician
16131,tvshow
16132,government
16133,tvshow
16134,politician
16135,company
16136,company
16137,company
16138,tvshow
16139,tvshow
16140,government
16141,company
16142,politician
16143,company
16144,company
16145,politician
16146,government
16147,government
16148,politician
16149,government
16150,government
16151,government
16152,government
16153,company
16154,government
16155,government
16156,government
16157,company
16158,company
16159,politician
16160,company
16161,government
16162,company
16163,politician
16164,government
16165,company
16166,company
16167,politician
16168,politician
16169,politician
16170,company
16171,company
16172,government
16173,company
16174,politician
16175,government
16176,government
16177,company
16178,government
16179,company
16180,politician
16181,tvshow
16182,politician
16183,politician
16184,company
16185,politician
16186,tvshow
16187,government
16188,politician
16189,government
16190,politician
16191,government
16192,politician
16193,politician
16194,government
16195,government
16196,company
16197,politician
16198,politician
16199,government
16200,government
16201,company
16202,company
16203,tvshow
16204,politician
16205,company
16206,company
16207,government
16208,government
16209,government
16210,politician
16211,politician
16212,tvshow
16213,government
16214,politician
16215,tvshow
16216,politician
16217,politician
16218,tvshow
16219,tvshow
16220,company
16221,government
16222,government
16223,company
16224,politician
16225,politician
16226,company
16227,politician
16228,tvshow
16229,government
16230,company
16231,company
16232,tvshow
16233,politician
16234,company
16235,tvshow
16236,tvshow
16237,government
16238,politician
16239,company
16240,politician
16241,company
16242,politician
16243,government
16244,company
16245,tvshow
16246,government
16247,tvshow
16248,politician
16249,tvshow
16250,politician
16251,company
16252,tvshow
16253,politician
16254,government
16255,politician
16256,government
16257,company
16258,politician
16259,government
16260,company
16261,government
16262,government
16263,company
16264,company
16265,politician
16266,company
16267,politician
16268,company
16269,politician
16270,company
16271,company
16272,politician
16273,company
16274,company
16275,company
16276,company
16277,government
16278,politician
16279,company
16280,company
16281,tvshow
16282,company
16283,government
16284,government
16285,tvshow
16286,politician
16287,government
16288,company
16289,company
16290,tvshow
16291,government
16292,government
16293,government
16294,company
16295,government
16296,government
16297,government
16298,company
16299,politician
16300,government
16301,company
16302,government
16303,politician
16304,government
16305,company
16306,company
16307,company
16308,tvshow
16309,politician
16310,politician
16311,government
16312,government
16313,company
16314,government
16315,politician
16316,government
16317,tvshow
16318,government
16319,company
16320,government
16321,politician
16322,government
16323,politician
16324,company
16325,government
16326,government
16327,tvshow
16328,government
16329,tvshow
16330,tvshow
16331,government
16332,company
16333,company
16334,tvshow
16335,politician
16336,government
16337,politician
16338,politician
16339,company
16340,company
16341,tvshow
16342,company
16343,company
16344,tvshow
16345,politician
16346,tvshow
16347,government
16348,company
16349,tvshow
16350,tvshow
16351,politician
16352,tvshow
16353,company
16354,company
16355,politician
16356,company
16357,politician
16358,government
16359,government
16360,politician
16361,company
16362,company
16363,politician
16364,tvshow
16365,company
16366,company
16367,company
16368,tvshow
16369,politician
16370,company
16371,government
16372,politician
16373,tvshow
16374,company
16375,tvshow
16376,politician
16377,tvshow
16378,company
16379,tvshow
16380,government
16381,company
16382,politician
16383,company
16384,politician
16385,company
16386,company
16387,company
16388,tvshow
16389,politician
16390,tvshow
16391,company
16392,tvshow
16393,company
16394,government
16395,politician
16396,company
16397,tvshow
16398,government
16399,government
16400,government
16401,company
16402,company
16403,company
16404,politician
16405,tvshow
16406,company
16407,government
16408,politician
16409,government
16410,politician
16411,politician
16412,politician
16413,company
16414,company
16415,politician
16416,company
16417,tvshow
16418,government
16419,politician
16420,company
16421,government
16422,politician
16423,government
16424,government
16425,politician
16426,government
16427,government
16428,politician
16429,company
16430,company
16431,government
16432,tvshow
16433,company
16434,government
16435,government
16436,company
16437,politician
16438,tvshow
16439,government
16440,politician
16441,company
16442,politician
16443,government
16444,government
16445,politician
16446,tvshow
16447,company
16448,government
16449,government
16450,tvshow
16451,politician
16452,company
16453,tvshow
16454,politician
16455,politician
16456,politician
16457,company
16458,company
16459,government
16460,tvshow
16461,tvshow
16462,politician
16463,politician
16464,politician
16465,politician
16466,politician
16467,government
16468,government
16469,tvshow
16470,tvshow
16471,government
16472,tvshow
16473,tvshow
16474,government
16475,government
16476,government
16477,government
16478,government
16479,politician
16480,company
16481,company
16482,politician
16483,company
16484,politician
16485,tvshow
16486,politician
16487,tvshow
16488,politician
16489,government
16490,tvshow
16491,government
16492,company
16493,company
16494,tvshow
16495,company
16496,government
16497,company
16498,politician
16499,company
16500,government
16501,tvshow
16502,company
16503,tvshow
16504,company
16505,politician
16506,politician
16507,government
16508,company
16509,government
16510,government
16511,politician
16512,politician
16513,company
16514,company
16515,politician
16516,company
16517,government
16518,company
16519,government
16520,government
16521,government
16522,government
16523,company
16524,politician
16525,government
16526,politician
16527,government
16528,government
16529,tvshow
16530,politician
16531,company
16532,government
16533,politician
16534,government
16535,government
16536,government
16537,government
16538,company
16539,politician
16540,government
16541,government
16542,government
16543,company
16544,tvshow
16545,politician
16546,government
16547,tvshow
16548,politician
16549,politician
16550,government
16551,politician
16552,company
16553,government
16554,politician
16555,government
16556,company
16557,company
16558,government
16559,government
16560,government
16561,government
16562,company
16563,government
16564,company
16565,government
16566,government
16567,company
16568,government
16569,company
16570,company
16571,politician
16572,tvshow
16573,politician
16574,government
16575,government
16576,tvshow
16577,company
16578,government
16579,government
16580,tvshow
16581,politician
16582,tvshow
16583,government
16584,company
16585,government
16586,politician
16587,tvshow
16588,politician
16589,company
16590,politician
16591,government
16592,government
16593,politician
16594,government
16595,politician
16596,politician
16597,company
16598,tvshow
16599,company
16600,government
16601,tvshow
16602,company
16603,government
16604,politician
16605,government
16606,politician
16607,company
16608,politician
16609,politician
16610,company
16611,politician
16612,government
16613,company
16614,company
16615,politician
16616,government
16617,company
16618,politician
16619,government
16620,politician
16621,government
16622,government
16623,company
16624,politician
16625,company
16626,politician
16627,company
16628,government
16629,tvshow
16630,company
16631,government
16632,company
16633,politician
16634,tvshow
16635,company
16636,government
16637,government
16638,company
16639,politician
16640,politician
16641,company
16642,politician
16643,company
16644,tvshow
16645,tvshow
16646,company
16647,tvshow
16648,company
16649,government
16650,politician
16651,government
16652,company
16653,government
16654,politician
16655,company
16656,tvshow
16657,government
16658,politician
16659,tvshow
16660,company
16661,company
16662,company
16663,government
16664,tvshow
16665,company
16666,company
16667,politician
16668,politician
16669,politician
16670,tvshow
16671,government
16672,company
16673,politician
16674,government
16675,tvshow
16676,government
16677,politician
16678,politician
16679,government
16680,politician
16681,government
16682,company
16683,company
16684,company
16685,government
16686,tvshow
16687,company
16688,tvshow
16689,government
16690,government
16691,government
16692,company
16693,politician
16694,company
16695,company
16696,company
16697,company
16698,politician
16699,government
16700,politician
16701,company
16702,government
16703,tvshow
16704,company
16705,company
16706,government
16707,company
16708,politician
16709,company
16710,company
16711,company
16712,tvshow
16713,company
16714,company
16715,government
16716,company
16717,politician
16718,politician
16719,company
16720,government
16721,politician
16722,government
16723,company
16724,politician
16725,company
16726,government
16727,politician
16728,tvshow
16729,tvshow
16730,company
16731,company
16732,government
16733,company
16734,tvshow
16735,politician
16736,company
16737,company
16738,government
16739,politician
16740,politician
16741,tvshow
16742,government
16743,politician
16744,government
16745,government
16746,company
16747,government
16748,company
16749,tvshow
16750,politician
16751,politician
16752,company
16753,politician
16754,tvshow
16755,tvshow
16756,politician
16757,government
16758,politician
16759,company
16760,tvshow
16761,company
16762,government
16763,politician
16764,politician
16765,company
16766,company
16767,politician
16768,politician
16769,government
16770,government
16771,government
16772,company
16773,tvshow
16774,government
16775,government
16776,tvshow
16777,company
16778,politician
16779,tvshow
16780,politician
16781,politician
16782,tvshow
16783,government
16784,company
16785,government
16786,company
16787,tvshow
16788,government
16789,company
16790,company
16791,company
16792,government
16793,government
16794,government
16795,government
16796,tvshow
16797,government
16798,company
16799,tvshow
16800,government
16801,government
16802,politician
16803,government
16804,government
16805,company
16806,politician
16807,government
16808,company
16809,politician
16810,politician
16811,government
16812,government
16813,company
16814,politician
16815,politician
16816,tvshow
16817,politician
16818,company
16819,government
16820,tvshow
16821,company
16822,government
16823,politician
16824,government
16825,government
16826,government
16827,tvshow
16828,company
16829,politician
16830,politician
16831,politician
16832,government
16833,tvshow
16834,company
16835,company
16836,politician
16837,company
16838,tvshow
16839,company
16840,politician
16841,tvshow
16842,politician
16843,company
16844,company
16845,company
16846,tvshow
16847,government
16848,company
16849,company
16850,government
16851,company
16852,company
16853,company
16854,company
16855,tvshow
16856,politician
16857,tvshow
16858,government
16859,tvshow
16860,company
16861,politician
16862,tvshow
16863,government
16864,government
16865,tvshow
16866,government
16867,government
16868,tvshow
16869,government
16870,government
16871,company
16872,government
16873,government
16874,government
16875,government
16876,company
16877,government
16878,government
16879,company
16880,company
16881,government
16882,government
16883,government
16884,politician
16885,government
16886,politician
16887,politician
16888,company
16889,company
16890,government
16891,government
16892,company
16893,government
16894,politician
16895,tvshow
16896,government
16897,politician
16898,company
16899,government
16900,politician
16901,government
16902,politician
16903,government
16904,tvshow
16905,politician
16906,company
16907,tvshow
16908,politician
16909,company
16910,company
16911,tvshow
16912,politician
16913,tvshow
16914,company
16915,tvshow
16916,company
16917,company
16918,politician
16919,company
16920,government
16921,tvshow
16922,government
16923,company
16924,company
16925,politician
16926,company
16927,company
16928,government
16929,tvshow
16930,company
16931,tvshow
16932,government
16933,politician
16934,company
16935,company
16936,government
16937,company
16938,company
16939,politician
16940,politician
16941,company
16942,company
16943,company
16944,government
16945,company
16946,government
16947,tvshow
16948,company
16949,government
16950,company
16951,government
16952,government
16953,politician
16954,politician
16955,politician
16956,politician
16957,politician
16958,company
16959,company
16960,company
16961,government
16962,company
16963,company
16964,company
16965,politician
16966,government
16967,government
16968,politician
16969,government
16970,politician
16971,government
16972,politician
16973,politician
16974,government
16975,politician
16976,politician
16977,politician
16978,government
16979,government
16980,tvshow
16981,politician
16982,company
16983,government
16984,company
16985,company
16986,government
16987,company
16988,tvshow
16989,government
16990,government
16991,politician
16992,politician
16993,politician
16994,company
16995,government
16996,politician
16997,government
16998,government
16999,politician
17000,government
17001,company
17002,company
17003,company
17004,company
17005,government
17006,company
17007,government
17008,government
17009,company
17010,politician
17011,government
17012,politician
17013,company
17014,government
17015,government
17016,tvshow
17017,tvshow
17018,company
17019,politician
17020,company
17021,tvshow
17022,politician
17023,tvshow
17024,company
17025,government
17026,government
17027,politician
17028,politician
17029,company
17030,government
17031,government
17032,company
17033,government
17034,government
17035,government
17036,government
17037,company
17038,politician
17039,politician
17040,company
17041,government
17042,politician
17043,government
17044,company
17045,politician
17046,government
17047,company
17048,government
17049,politician
17050,tvshow
17051,government
17052,government
17053,politician
17054,government
17055,politician
17056,politician
17057,politician
17058,government
17059,government
17060,government
17061,government
17062,tvshow
17063,government
17064,company
17065,company
17066,politician
17067,politician
17068,tvshow
17069,government
17070,politician
17071,government
17072,company
17073,government
17074,government
17075,government
17076,company
17077,politician
17078,politician
17079,government
17080,politician
17081,government
17082,tvshow
17083,government
17084,government
17085,company
17086,politician
17087,company
17088,politician
17089,company
17090,politician
17091,government
17092,politician
17093,politician
17094,government
17095,politician
17096,government
17097,government
17098,company
17099,politician
17100,government
17101,company
17102,company
17103,tvshow
17104,tvshow
17105,company
17106,government
17107,politician
17108,tvshow
17109,company
17110,government
17111,politician
17112,company
17113,government
17114,tvshow
17115,company
17116,tvshow
17117,government
17118,government
17119,company
17120,tvshow
17121,politician
17122,politician
17123,politician
17124,company
17125,company
17126,politician
17127,tvshow
17128,politician
17129,tvshow
17130,company
17131,government
17132,company
17133,tvshow
17134,company
17135,tvshow
17136,tvshow
17137,company
17138,government
17139,government
17140,politician
17141,company
17142,company
17143,tvshow
17144,company
17145,politician
17146,government
17147,company
17148,politician
17149,government
17150,tvshow
17151,company
17152,politician
17153,tvshow
17154,politician
17155,company
17156,company
17157,tvshow
17158,politician
17159,politician
17160,company
17161,company
17162,company
17163,government
17164,government
17165,company
17166,politician
17167,company
17168,tvshow
17169,company
17170,tvshow
17171,government
17172,government
17173,government
17174,tvshow
17175,company
17176,politician
17177,politician
17178,company
17179,tvshow
17180,politician
17181,company
17182,government
17183,company
17184,company
17185,company
17186,politician
17187,company
17188,politician
17189,government
17190,government
17191,politician
17192,tvshow
17193,company
17194,politician
17195,politician
17196,government
17197,tvshow
17198,government
17199,government
17200,company
17201,politician
17202,tvshow
17203,politician
17204,company
17205,government
17206,company
17207,company
17208,government
17209,company
17210,politician
17211,government
17212,tvshow
17213,company
17214,company
17215,politician
17216,government
17217,government
17218,government
17219,government
17220,government
17221,government
17222,government
17223,politician
17224,politician
17225,tvshow
17226,government
17227,politician
17228,government
17229,politician
17230,government
17231,company
17232,government
17233,politician
17234,company
17235,politician
17236,government
17237,government
17238,politician
17239,government
17240,government
17241,company
17242,government
17243,politician
17244,tvshow
17245,politician
17246,government
17247,company
17248,government
17249,politician
17250,company
17251,company
17252,company
17253,government
17254,government
17255,company
17256,company
17257,politician
17258,company
17259,government
17260,company
17261,government
17262,company
17263,government
17264,company
17265,politician
17266,government
17267,government
17268,company
17269,company
17270,company
17271,politician
17272,tvshow
17273,politician
17274,company
17275,government
17276,company
17277,company
17278,government
17279,politician
17280,tvshow
17281,government
17282,tvshow
17283,government
17284,politician
17285,company
17286,tvshow
17287,politician
17288,company
17289,tvshow
17290,company
17291,politician
17292,tvshow
17293,government
17294,politician
17295,politician
17296,company
17297,government
17298,government
17299,tvshow
17300,government
17301,government
17302,government
17303,tvshow
17304,company
17305,company
17306,company
17307,politician
17308,government
17309,politician
17310,politician
17311,government
17312,company
17313,company
17314,company
17315,company
17316,government
17317,government
17318,government
17319,company
17320,government
17321,tvshow
17322,government
17323,tvshow
17324,tvshow
17325,company
17326,government
17327,government
17328,government
17329,politician
17330,politician
17331,tvshow
17332,tvshow
17333,politician
17334,politician
17335,company
17336,politician
17337,politician
17338,tvshow
17339,government
17340,politician
17341,politician
17342,company
17343,government
17344,company
17345,company
17346,tvshow
17347,government
17348,politician
17349,politician
17350,company
17351,government
17352,politician
17353,company
17354,government
17355,government
17356,government
17357,tvshow
17358,government
17359,politician
17360,government
17361,politician
17362,tvshow
17363,government
17364,company
17365,government
17366,company
17367,politician
17368,company
17369,tvshow
17370,government
17371,government
17372,politician
17373,politician
17374,government
17375,government
17376,tvshow
17377,government
17378,government
17379,company
17380,government
17381,politician
17382,politician
17383,company
17384,government
17385,government
17386,government
17387,government
17388,company
17389,government
17390,government
17391,tvshow
17392,government
17393,company
17394,company
17395,company
17396,government
17397,politician
17398,tvshow
17399,government
17400,government
17401,tvshow
17402,government
17403,government
17404,company
17405,government
17406,tvshow
17407,tvshow
17408,politician
17409,tvshow
17410,politician
17411,government
17412,politician
17413,politician
17414,politician
17415,government
17416,company
17417,government
17418,government
17419,government
17420,politician
17421,tvshow
17422,tvshow
17423,government
17424,government
17425,company
17426,government
17427,government
17428,government
17429,politician
17430,company
17431,company
17432,government
17433,company
17434,politician
17435,politician
17436,company
17437,government
17438,politician
17439,politician
17440,politician
17441,government
17442,politician
17443,company
17444,company
17445,company
17446,tvshow
17447,company
17448,politician
17449,government
17450,tvshow
17451,tvshow
17452,government
17453,politician
17454,politician
17455,politician
17456,government
17457,politician
17458,politician
17459,company
17460,tvshow
17461,government
17462,government
17463,tvshow
17464,company
17465,government
17466,tvshow
17467,company
17468,company
17469,politician
17470,tvshow
17471,tvshow
17472,company
17473,politician
17474,company
17475,company
17476,politician
17477,tvshow
17478,politician
17479,government
17480,tvshow
17481,government
17482,government
17483,government
17484,government
17485,company
17486,politician
17487,company
17488,tvshow
17489,company
17490,company
17491,tvshow
17492,company
17493,politician
17494,company
17495,politician
17496,politician
17497,politician
17498,tvshow
17499,company
17500,politician
17501,government
17502,government
17503,company
17504,company
17505,company
17506,government
17507,company
17508,tvshow
17509,tvshow
17510,company
17511,government
17512,company
17513,government
17514,politician
17515,government
17516,politician
17517,politician
17518,government
17519,government
17520,company
17521,tvshow
17522,company
17523,government
17524,company
17525,company
17526,tvshow
17527,government
17528,government
17529,company
17530,politician
17531,government
17532,government
17533,tvshow
17534,politician
17535,politician
17536,government
17537,government
17538,politician
17539,tvshow
17540,government
17541,government
17542,company
17543,government
17544,government
17545,government
17546,government
17547,politician
17548,tvshow
17549,tvshow
17550,government
17551,politician
17552,tvshow
17553,politician
17554,company
17555,company
17556,company
17557,company
17558,politician
17559,company
17560,politician
17561,company
17562,government
17563,government
17564,tvshow
17565,company
17566,government
17567,tvshow
17568,company
17569,company
17570,politician
17571,politician
17572,company
17573,company
17574,government
17575,politician
17576,company
17577,tvshow
17578,tvshow
17579,government
17580,company
17581,company
17582,government
17583,company
17584,government
17585,politician
17586,tvshow
17587,tvshow
17588,company
17589,company
17590,tvshow
17591,company
17592,tvshow
17593,government
17594,company
17595,politician
17596,company
17597,tvshow
17598,company
17599,government
17600,government
17601,company
17602,politician
17603,politician
17604,tvshow
17605,government
17606,politician
17607,company
17608,government
17609,government
17610,government
17611,company
17612,company
17613,government
17614,politician
17615,government
17616,politician
17617,tvshow
17618,company
17619,company
17620,government
17621,politician
17622,government
17623,government
17624,company
17625,company
17626,politician
17627,politician
17628,company
17629,company
17630,tvshow
17631,company
17632,government
17633,company
17634,government
17635,politician
17636,politician
17637,tvshow
17638,government
17639,government
17640,politician
17641,tvshow
17642,government
17643,tvshow
17644,politician
17645,government
17646,government
17647,government
17648,politician
17649,government
17650,company
17651,government
17652,government
17653,government
17654,company
17655,company
17656,company
17657,government
17658,company
17659,government
17660,politician
17661,politician
17662,government
17663,government
17664,government
17665,company
17666,politician
17667,politician
17668,government
17669,tvshow
17670,politician
17671,tvshow
17672,politician
17673,government
17674,government
17675,politician
17676,tvshow
17677,company
17678,tvshow
17679,government
17680,politician
17681,company
17682,tvshow
17683,tvshow
17684,company
17685,politician
17686,politician
17687,tvshow
17688,company
17689,politician
17690,company
17691,company
17692,government
17693,government
17694,company
17695,government
17696,government
17697,government
17698,government
17699,politician
17700,government
17701,company
17702,politician
17703,company
17704,tvshow
17705,government
17706,government
17707,politician
17708,politician
17709,company
17710,company
17711,company
17712,tvshow
17713,politician
17714,politician
17715,company
17716,government
17717,government
17718,company
17719,politician
17720,government
17721,company
17722,company
17723,company
17724,company
17725,tvshow
17726,company
17727,government
17728,politician
17729,company
17730,company
17731,tvshow
17732,company
17733,government
17734,government
17735,company
17736,company
17737,government
17738,tvshow
17739,tvshow
17740,tvshow
17741,politician
17742,company
17743,tvshow
17744,government
17745,tvshow
17746,company
17747,government
17748,company
17749,company
17750,government
17751,politician
17752,tvshow
17753,government
17754,company
17755,tvshow
17756,government
17757,politician
17758,tvshow
17759,politician
17760,tvshow
17761,government
17762,company
17763,government
17764,politician
17765,politician
17766,company
17767,company
17768,tvshow
17769,government
17770,government
17771,government
17772,government
17773,company
17774,politician
17775,tvshow
17776,tvshow
17777,government
17778,politician
17779,company
17780,politician
17781,government
17782,government
17783,politician
17784,government
17785,tvshow
17786,company
17787,tvshow
17788,politician
17789,politician
17790,company
17791,politician
17792,government
17793,government
17794,politician
17795,government
17796,tvshow
17797,tvshow
17798,company
17799,government
17800,politician
17801,government
17802,government
17803,tvshow
17804,government
17805,politician
17806,company
17807,tvshow
17808,tvshow
17809,company
17810,company
17811,company
17812,government
17813,company
17814,politician
17815,government
17816,tvshow
17817,company
17818,government
17819,government
17820,politician
17821,government
17822,government
17823,politician
17824,company
17825,government
17826,government
17827,tvshow
17828,company
17829,company
17830,company
17831,government
17832,tvshow
17833,tvshow
17834,government
17835,government
17836,tvshow
17837,politician
17838,politician
17839,tvshow
17840,government
17841,company
17842,government
17843,government
17844,government
17845,company
17846,politician
17847,tvshow
17848,tvshow
17849,government
17850,politician
17851,company
17852,government
17853,politician
17854,company
17855,government
17856,company
17857,politician
17858,company
17859,company
17860,politician
17861,politician
17862,tvshow
17863,politician
17864,company
17865,politician
17866,politician
17867,government
17868,company
17869,politician
17870,company
17871,politician
17872,tvshow
17873,company
17874,company
17875,tvshow
17876,government
17877,politician
17878,tvshow
17879,company
17880,company
17881,company
17882,government
17883,company
17884,politician
17885,government
17886,government
17887,company
17888,company
17889,politician
17890,government
17891,tvshow
17892,government
17893,tvshow
17894,politician
17895,company
17896,company
17897,government
17898,government
17899,tvshow
17900,government
17901,government
17902,politician
17903,tvshow
17904,government
17905,government
17906,tvshow
17907,government
17908,government
17909,company
17910,government
17911,company
17912,government
17913,government
17914,politician
17915,politician
17916,tvshow
17917,company
17918,company
17919,tvshow
17920,company
17921,politician
17922,politician
17923,government
17924,tvshow
17925,government
17926,company
17927,company
17928,company
17929,politician
17930,company
17931,tvshow
17932,company
17933,politician
17934,tvshow
17935,government
17936,politician
17937,company
17938,tvshow
17939,tvshow
17940,government
17941,government
17942,government
17943,company
17944,tvshow
17945,tvshow
17946,company
17947,company
17948,company
17949,company
17950,politician
17951,company
17952,company
17953,politician
17954,politician
17955,company
17956,company
17957,government
17958,company
17959,politician
17960,tvshow
17961,politician
17962,company
17963,government
17964,tvshow
17965,politician
17966,politician
17967,company
17968,tvshow
17969,company
17970,tvshow
17971,company
17972,company
17973,company
17974,government
17975,government
17976,company
17977,company
17978,government
17979,company
17980,government
17981,politician
17982,company
17983,government
17984,company
17985,government
17986,company
17987,politician
17988,politician
17989,government
17990,company
17991,tvshow
17992,tvshow
17993,politician
17994,politician
17995,politician
17996,tvshow
17997,politician
17998,company
17999,company
18000,company
18001,tvshow
18002,tvshow
18003,politician
18004,tvshow
18005,politician
18006,tvshow
18007,politician
18008,company
18009,politician
18010,tvshow
18011,company
18012,politician
18013,politician
18014,tvshow
18015,politician
18016,government
18017,government
18018,politician
18019,tvshow
18020,government
18021,government
18022,politician
18023,politician
18024,tvshow
18025,government
18026,politician
18027,government
18028,company
18029,politician
18030,politician
18031,company
18032,politician
18033,government
18034,company
18035,government
18036,politician
18037,politician
18038,government
18039,tvshow
18040,tvshow
18041,company
18042,tvshow
18043,company
18044,company
18045,government
18046,tvshow
18047,politician
18048,government
18049,company
18050,government
18051,company
18052,company
18053,politician
18054,politician
18055,government
18056,tvshow
18057,politician
18058,tvshow
18059,politician
18060,government
18061,company
18062,politician
18063,government
18064,company
18065,tvshow
18066,politician
18067,government
18068,company
18069,politician
18070,government
18071,tvshow
18072,politician
18073,politician
18074,government
18075,government
18076,government
18077,government
18078,politician
18079,government
18080,government
18081,politician
18082,politician
18083,government
18084,government
18085,company
18086,government
18087,government
18088,government
18089,government
18090,politician
18091,politician
18092,politician
18093,government
18094,government
18095,government
18096,government
18097,tvshow
18098,politician
18099,tvshow
18100,company
18101,politician
18102,tvshow
18103,politician
18104,tvshow
18105,politician
18106,government
18107,politician
18108,politician
18109,government
18110,government
18111,company
18112,politician
18113,company
18114,government
18115,company
18116,tvshow
18117,tvshow
18118,government
18119,government
18120,company
18121,government
18122,government
18123,tvshow
18124,government
18125,government
18126,government
18127,government
18128,company
18129,government
18130,politician
18131,company
18132,government
18133,tvshow
18134,tvshow
18135,company
18136,politician
18137,politician
18138,tvshow
18139,company
18140,government
18141,company
18142,politician
18143,company
18144,politician
18145,company
18146,politician
18147,government
18148,politician
18149,company
18150,government
18151,company
18152,government
18153,politician
18154,government
18155,government
18156,politician
18157,politician
18158,tvshow
18159,company
18160,government
18161,tvshow
18162,politician
18163,company
18164,company
18165,government
18166,tvshow
18167,politician
18168,tvshow
18169,government
18170,company
18171,government
18172,government
18173,company
18174,company
18175,tvshow
18176,company
18177,politician
18178,company
18179,government
18180,government
18181,company
18182,politician
18183,politician
18184,tvshow
18185,company
18186,government
18187,tvshow
18188,government
18189,politician
18190,politician
18191,politician
18192,government
18193,tvshow
18194,company
18195,government
18196,company
18197,politician
18198,company
18199,politician
18200,tvshow
18201,government
18202,politician
18203,government
18204,company
18205,company
18206,politician
18207,company
18208,politician
18209,tvshow
18210,company
18211,tvshow
18212,government
18213,politician
18214,government
18215,government
18216,politician
18217,government
18218,government
18219,company
18220,politician
18221,politician
18222,government
18223,politician
18224,politician
18225,politician
18226,politician
18227,government
18228,politician
18229,tvshow
18230,tvshow
18231,government
18232,company
18233,government
18234,politician
18235,politician
18236,tvshow
18237,government
18238,company
18239,government
18240,company
18241,company
18242,politician
18243,tvshow
18244,company
18245,politician
18246,government
18247,company
18248,politician
18249,company
18250,company
18251,company
18252,company
18253,company
18254,government
18255,company
18256,company
18257,company
18258,company
18259,company
18260,company
18261,politician
18262,politician
18263,company
18264,company
18265,government
18266,company
18267,government
18268,company
18269,company
18270,government
18271,government
18272,company
18273,company
18274,company
18275,company
18276,company
18277,politician
18278,government
18279,government
18280,company
18281,government
18282,government
18283,politician
18284,government
18285,company
18286,government
18287,politician
18288,company
18289,government
18290,government
18291,tvshow
18292,company
18293,tvshow
18294,company
18295,government
18296,politician
18297,government
18298,government
18299,company
18300,politician
18301,government
18302,government
18303,politician
18304,company
18305,government
18306,tvshow
18307,government
18308,government
18309,politician
18310,politician
18311,tvshow
18312,politician
18313,company
18314,tvshow
18315,government
18316,company
18317,company
18318,government
18319,government
18320,company
18321,government
18322,company
18323,politician
18324,politician
18325,tvshow
18326,politician
18327,government
18328,politician
18329,politician
18330,government
18331,company
18332,government
18333,politician
18334,company
18335,tvshow
18336,politician
18337,government
18338,government
18339,politician
18340,company
18341,government
18342,company
18343,tvshow
18344,tvshow
18345,tvshow
18346,tvshow
18347,company
18348,company
18349,government
18350,tvshow
18351,tvshow
18352,politician
18353,company
18354,politician
18355,company
18356,politician
18357,politician
18358,tvshow
18359,politician
18360,government
18361,company
18362,tvshow
18363,company
18364,tvshow
18365,government
18366,company
18367,company
18368,company
18369,government
18370,tvshow
18371,politician
18372,company
18373,government
18374,company
18375,company
18376,government
18377,government
18378,company
18379,politician
18380,tvshow
18381,tvshow
18382,tvshow
18383,politician
18384,company
18385,politician
18386,company
18387,politician
18388,government
18389,politician
18390,company
18391,government
18392,government
18393,company
18394,politician
18395,company
18396,government
18397,company
18398,tvshow
18399,government
18400,company
18401,politician
18402,politician
18403,politician
18404,company
18405,government
18406,company
18407,politician
18408,politician
18409,company
18410,company
18411,government
18412,company
18413,company
18414,company
18415,company
18416,politician
18417,tvshow
18418,tvshow
18419,tvshow
18420,company
18421,tvshow
18422,tvshow
18423,politician
18424,politician
18425,government
18426,politician
18427,politician
18428,tvshow
18429,company
18430,government
18431,company
18432,company
18433,government
18434,politician
18435,politician
18436,politician
18437,company
18438,company
18439,tvshow
18440,tvshow
18441,government
18442,tvshow
18443,company
18444,politician
18445,government
18446,company
18447,tvshow
18448,tvshow
18449,government
18450,company
18451,tvshow
18452,company
18453,tvshow
18454,politician
18455,government
18456,company
18457,politician
18458,government
18459,politician
18460,company
18461,tvshow
18462,company
18463,government
18464,company
18465,government
18466,tvshow
18467,company
18468,government
18469,politician
18470,tvshow
18471,politician
18472,company
18473,politician
18474,company
18475,company
18476,tvshow
18477,company
18478,politician
18479,tvshow
18480,tvshow
18481,company
18482,company
18483,government
18484,politician
18485,politician
18486,politician
18487,government
18488,politician
18489,tvshow
18490,politician
18491,tvshow
18492,tvshow
18493,government
18494,company
18495,company
18496,government
18497,government
18498,politician
18499,government
18500,tvshow
18501,politician
18502,government
18503,company
18504,government
18505,company
18506,company
18507,company
18508,company
18509,government
18510,government
18511,company
18512,government
18513,government
18514,politician
18515,government
18516,government
18517,company
18518,government
18519,government
18520,government
18521,company
18522,politician
18523,tvshow
18524,company
18525,company
18526,tvshow
18527,company
18528,government
18529,politician
18530,government
18531,company
18532,government
18533,government
18534,company
18535,politician
18536,tvshow
18537,government
18538,government
18539,politician
18540,tvshow
18541,company
18542,government
18543,company
18544,politician
18545,company
18546,government
18547,politician
18548,politician
18549,government
18550,government
18551,government
18552,politician
18553,tvshow
18554,government
18555,politician
18556,company
18557,government
18558,company
18559,company
18560,company
18561,company
18562,politician
18563,government
18564,company
18565,government
18566,politician
18567,government
18568,politician
18569,government
18570,company
18571,company
18572,company
18573,tvshow
18574,government
18575,politician
18576,company
18577,tvshow
18578,government
18579,politician
18580,politician
18581,government
18582,government
18583,government
18584,tvshow
18585,tvshow
18586,company
18587,tvshow
18588,politician
18589,company
18590,government
18591,tvshow
18592,politician
18593,tvshow
18594,company
18595,government
18596,politician
18597,company
18598,government
18599,tvshow
18600,tvshow
18601,politician
18602,politician
18603,tvshow
18604,tvshow
18605,government
18606,government
18607,government
18608,politician
18609,politician
18610,politician
18611,government
18612,company
18613,politician
18614,government
18615,government
18616,government
18617,company
18618,politician
18619,company
18620,government
18621,company
18622,company
18623,politician
18624,government
18625,tvshow
18626,politician
18627,politician
18628,government
18629,government
18630,government
18631,company
18632,politician
18633,company
18634,politician
18635,tvshow
18636,government
18637,politician
18638,tvshow
18639,tvshow
18640,company
18641,tvshow
18642,government
18643,company
18644,government
18645,company
18646,government
18647,government
18648,politician
18649,politician
18650,company
18651,tvshow
18652,politician
18653,government
18654,politician
18655,politician
18656,government
18657,politician
18658,tvshow
18659,tvshow
18660,government
18661,tvshow
18662,tvshow
18663,politician
18664,company
18665,company
18666,government
18667,government
18668,politician
18669,politician
18670,government
18671,company
18672,tvshow
18673,government
18674,government
18675,company
18676,company
18677,company
18678,government
18679,government
18680,government
18681,government
18682,company
18683,government
18684,politician
18685,politician
18686,politician
18687,tvshow
18688,tvshow
18689,tvshow
18690,government
18691,politician
18692,company
18693,government
18694,company
18695,tvshow
18696,tvshow
18697,politician
18698,politician
18699,tvshow
18700,company
18701,company
18702,government
18703,company
18704,government
18705,government
18706,company
18707,politician
18708,tvshow
18709,company
18710,company
18711,company
18712,tvshow
18713,government
18714,tvshow
18715,government
18716,company
18717,company
18718,government
18719,government
18720,company
18721,company
18722,government
18723,government
18724,company
18725,tvshow
18726,government
18727,politician
18728,politician
18729,government
18730,politician
18731,government
18732,politician
18733,politician
18734,company
18735,government
18736,company
18737,government
18738,company
18739,tvshow
18740,politician
18741,company
18742,politician
18743,politician
18744,government
18745,government
18746,politician
18747,government
18748,government
18749,company
18750,government
18751,politician
18752,politician
18753,government
18754,company
18755,company
18756,politician
18757,company
18758,company
18759,company
18760,politician
18761,company
18762,government
18763,government
18764,politician
18765,politician
18766,tvshow
18767,company
18768,politician
18769,tvshow
18770,government
18771,government
18772,government
18773,company
18774,politician
18775,politician
18776,politician
18777,company
18778,government
18779,government
18780,government
18781,tvshow
18782,company
18783,politician
18784,government
18785,company
18786,tvshow
18787,government
18788,company
18789,tvshow
18790,politician
18791,politician
18792,company
18793,politician
18794,company
18795,company
18796,company
18797,company
18798,politician
18799,tvshow
18800,government
18801,tvshow
18802,company
18803,company
18804,company
18805,politician
18806,government
18807,government
18808,government
18809,company
18810,company
18811,government
18812,company
18813,politician
18814,company
18815,company
18816,company
18817,company
18818,company
18819,politician
18820,politician
18821,government
18822,tvshow
18823,tvshow
18824,tvshow
18825,politician
18826,government
18827,government
18828,government
18829,government
18830,tvshow
18831,company
18832,company
18833,company
18834,government
18835,company
18836,government
18837,company
18838,company
18839,company
18840,politician
18841,tvshow
18842,government
18843,government
18844,politician
18845,government
18846,company
18847,government
18848,company
18849,government
18850,company
18851,government
18852,government
18853,government
18854,government
18855,company
18856,company
18857,government
18858,politician
18859,government
18860,government
18861,politician
18862,government
18863,politician
18864,company
18865,politician
18866,government
18867,company
18868,company
18869,company
18870,tvshow
18871,company
18872,company
18873,government
18874,tvshow
18875,politician
18876,company
18877,company
18878,government
18879,politician
18880,tvshow
18881,politician
18882,company
18883,politician
18884,company
18885,company
18886,politician
18887,government
18888,government
18889,politician
18890,tvshow
18891,company
18892,government
18893,company
18894,politician
18895,tvshow
18896,politician
18897,tvshow
18898,company
18899,tvshow
18900,company
18901,government
18902,company
18903,politician
18904,government
18905,politician
18906,politician
18907,government
18908,company
18909,politician
18910,politician
18911,politician
18912,tvshow
18913,politician
18914,government
18915,tvshow
18916,company
18917,government
18918,company
18919,tvshow
18920,politician
18921,tvshow
18922,politician
18923,company
18924,tvshow
18925,company
18926,company
18927,company
18928,company
18929,tvshow
18930,company
18931,tvshow
18932,government
18933,government
18934,politician
18935,government
18936,government
18937,tvshow
18938,government
18939,politician
18940,government
18941,company
18942,politician
18943,politician
18944,government
18945,politician
18946,politician
18947,company
18948,company
18949,company
18950,government
18951,government
18952,government
18953,tvshow
18954,government
18955,company
18956,company
18957,politician
18958,government
18959,company
18960,company
18961,tvshow
18962,politician
18963,company
18964,government
18965,government
18966,government
18967,government
18968,tvshow
18969,company
18970,tvshow
18971,government
18972,government
18973,government
18974,tvshow
18975,government
18976,company
18977,politician
18978,politician
18979,politician
18980,government
18981,company
18982,company
18983,government
18984,company
18985,company
18986,company
18987,company
18988,politician
18989,tvshow
18990,politician
18991,tvshow
18992,politician
18993,politician
18994,politician
18995,government
18996,government
18997,politician
18998,government
18999,government
19000,company
19001,government
19002,government
19003,tvshow
19004,politician
19005,company
19006,government
19007,company
19008,company
19009,government
19010,tvshow
19011,government
19012,politician
19013,politician
19014,company
19015,company
19016,politician
19017,government
19018,tvshow
19019,company
19020,politician
19021,tvshow
19022,company
19023,tvshow
19024,government
19025,company
19026,politician
19027,tvshow
19028,government
19029,politician
19030,politician
19031,government
19032,tvshow
19033,company
19034,politician
19035,government
19036,government
19037,company
19038,politician
19039,tvshow
19040,company
19041,tvshow
19042,politician
19043,government
19044,company
19045,government
19046,government
19047,company
19048,politician
19049,company
19050,politician
19051,politician
19052,government
19053,politician
19054,politician
19055,government
19056,government
19057,company
19058,government
19059,company
19060,company
19061,tvshow
19062,tvshow
19063,company
19064,government
19065,tvshow
19066,government
19067,company
19068,politician
19069,company
19070,government
19071,government
19072,government
19073,government
19074,tvshow
19075,politician
19076,company
19077,company
19078,government
19079,company
19080,company
19081,politician
19082,tvshow
19083,company
19084,politician
19085,company
19086,politician
19087,government
19088,company
19089,company
19090,tvshow
19091,politician
19092,politician
19093,politician
19094,government
19095,company
19096,company
19097,politician
19098,company
19099,politician
19100,government
19101,government
19102,government
19103,company
19104,government
19105,tvshow
19106,politician
19107,company
19108,company
19109,company
19110,government
19111,tvshow
19112,government
19113,company
19114,tvshow
19115,government
19116,government
19117,tvshow
19118,politician
19119,government
19120,politician
19121,company
19122,government
19123,company
19124,tvshow
19125,government
19126,company
19127,politician
19128,tvshow
19129,government
19130,company
19131,politician
19132,company
19133,politician
19134,politician
19135,government
19136,government
19137,company
19138,government
19139,politician
19140,government
19141,government
19142,politician
19143,politician
19144,company
19145,government
19146,company
19147,government
19148,politician
19149,company
19150,company
19151,company
19152,politician
19153,company
19154,company
19155,company
19156,company
19157,tvshow
19158,company
19159,company
19160,government
19161,government
19162,tvshow
19163,tvshow
19164,politician
19165,government
19166,politician
19167,government
19168,government
19169,company
19170,government
19171,politician
19172,politician
19173,company
19174,government
19175,company
19176,politician
19177,politician
19178,government
19179,company
19180,company
19181,tvshow
19182,company
19183,politician
19184,company
19185,politician
19186,politician
19187,company
19188,company
19189,politician
19190,tvshow
19191,tvshow
19192,government
19193,tvshow
19194,government
19195,politician
19196,company
19197,company
19198,politician
19199,politician
19200,company
19201,government
19202,company
19203,politician
19204,politician
19205,politician
19206,government
19207,politician
19208,politician
19209,company
19210,government
19211,company
19212,company
19213,company
19214,politician
19215,politician
19216,government
19217,company
19218,company
19219,company
19220,government
19221,politician
19222,politician
19223,government
19224,politician
19225,company
19226,government
19227,government
19228,government
19229,company
19230,tvshow
19231,company
19232,government
19233,government
19234,government
19235,company
19236,company
19237,company
19238,tvshow
19239,tvshow
19240,company
19241,government
19242,government
19243,politician
19244,company
19245,government
19246,politician
19247,government
19248,government
19249,company
19250,tvshow
19251,company
19252,politician
19253,government
19254,company
19255,politician
19256,tvshow
19257,tvshow
19258,politician
19259,politician
19260,government
19261,company
19262,tvshow
19263,company
19264,politician
19265,tvshow
19266,politician
19267,company
19268,company
19269,tvshow
19270,company
19271,company
19272,government
19273,government
19274,politician
19275,tvshow
19276,government
19277,company
19278,politician
19279,company
19280,politician
19281,government
19282,government
19283,politician
19284,tvshow
19285,politician
19286,politician
19287,company
19288,company
19289,company
19290,government
19291,tvshow
19292,company
19293,government
19294,company
19295,company
19296,company
19297,company
19298,company
19299,company
19300,company
19301,company
19302,tvshow
19303,politician
19304,government
19305,company
19306,government
19307,politician
19308,government
19309,government
19310,politician
19311,government
19312,company
19313,tvshow
19314,tvshow
19315,politician
19316,government
19317,government
19318,politician
19319,tvshow
19320,government
19321,company
19322,tvshow
19323,politician
19324,tvshow
19325,politician
19326,company
19327,company
19328,company
19329,government
19330,politician
19331,politician
19332,government
19333,company
19334,government
19335,government
19336,government
19337,politician
19338,company
19339,politician
19340,company
19341,government
19342,tvshow
19343,company
19344,tvshow
19345,politician
19346,tvshow
19347,company
19348,government
19349,company
19350,tvshow
19351,government
19352,government
19353,company
19354,company
19355,government
19356,company
19357,government
19358,tvshow
19359,company
19360,tvshow
19361,company
19362,government
19363,company
19364,company
19365,tvshow
19366,politician
19367,company
19368,company
19369,politician
19370,tvshow
19371,politician
19372,company
19373,politician
19374,politician
19375,government
19376,company
19377,tvshow
19378,company
19379,company
19380,politician
19381,government
19382,company
19383,tvshow
19384,government
19385,government
19386,politician
19387,politician
19388,government
19389,government
19390,politician
19391,company
19392,politician
19393,tvshow
19394,company
19395,company
19396,company
19397,company
19398,company
19399,company
19400,company
19401,tvshow
19402,company
19403,government
19404,government
19405,politician
19406,tvshow
19407,government
19408,politician
19409,government
19410,politician
19411,tvshow
19412,company
19413,government
19414,company
19415,company
19416,government
19417,politician
19418,company
19419,government
19420,company
19421,tvshow
19422,company
19423,government
19424,company
19425,tvshow
19426,politician
19427,government
19428,politician
19429,company
19430,company
19431,company
19432,politician
19433,government
19434,politician
19435,company
19436,company
19437,government
19438,government
19439,government
19440,company
19441,politician
19442,politician
19443,politician
19444,government
19445,company
19446,tvshow
19447,company
19448,company
19449,government
19450,politician
19451,politician
19452,government
19453,company
19454,company
19455,politician
19456,government
19457,tvshow
19458,politician
19459,government
19460,politician
19461,politician
19462,tvshow
19463,government
19464,company
19465,politician
19466,company
19467,government
19468,government
19469,company
19470,company
19471,government
19472,company
19473,company
19474,politician
19475,government
19476,tvshow
19477,government
19478,government
19479,company
19480,company
19481,tvshow
19482,politician
19483,politician
19484,government
19485,politician
19486,politician
19487,government
19488,politician
19489,company
19490,politician
19491,company
19492,government
19493,government
19494,government
19495,politician
19496,tvshow
19497,government
19498,company
19499,politician
19500,government
19501,government
19502,government
19503,company
19504,government
19505,tvshow
19506,politician
19507,company
19508,government
19509,company
19510,politician
19511,government
19512,government
19513,politician
19514,government
19515,politician
19516,government
19517,company
19518,tvshow
19519,company
19520,company
19521,tvshow
19522,company
19523,government
19524,company
19525,company
19526,tvshow
19527,government
19528,politician
19529,company
19530,politician
19531,government
19532,tvshow
19533,company
19534,politician
19535,tvshow
19536,company
19537,government
19538,politician
19539,tvshow
19540,politician
19541,government
19542,company
19543,politician
19544,government
19545,tvshow
19546,government
19547,company
19548,politician
19549,tvshow
19550,government
19551,tvshow
19552,government
19553,government
19554,government
19555,government
19556,government
19557,company
19558,company
19559,politician
19560,politician
19561,politician
19562,tvshow
19563,government
19564,company
19565,politician
19566,tvshow
19567,tvshow
19568,politician
19569,tvshow
19570,politician
19571,tvshow
19572,company
19573,politician
19574,government
19575,government
19576,government
19577,government
19578,company
19579,politician
19580,politician
19581,government
19582,company
19583,politician
19584,politician
19585,tvshow
19586,government
19587,government
19588,government
19589,government
19590,government
19591,tvshow
19592,company
19593,politician
19594,government
19595,government
19596,company
19597,tvshow
19598,politician
19599,company
19600,government
19601,tvshow
19602,politician
19603,politician
19604,politician
19605,company
19606,politician
19607,government
19608,politician
19609,company
19610,government
19611,government
19612,company
19613,company
19614,tvshow
19615,tvshow
19616,company
19617,politician
19618,tvshow
19619,government
19620,company
19621,company
19622,tvshow
19623,politician
19624,government
19625,company
19626,government
19627,company
19628,government
19629,company
19630,government
19631,government
19632,government
19633,government
19634,government
19635,government
19636,tvshow
19637,company
19638,company
19639,politician
19640,government
19641,politician
19642,tvshow
19643,tvshow
19644,company
19645,government
19646,government
19647,politician
19648,company
19649,government
19650,government
19651,government
19652,company
19653,tvshow
19654,politician
19655,government
19656,company
19657,government
19658,tvshow
19659,tvshow
19660,politician
19661,government
19662,politician
19663,tvshow
19664,government
19665,politician
19666,company
19667,tvshow
19668,government
19669,company
19670,politician
19671,tvshow
19672,government
19673,tvshow
19674,company
19675,politician
19676,government
19677,tvshow
19678,government
19679,company
19680,politician
19681,company
19682,government
19683,politician
19684,government
19685,tvshow
19686,government
19687,government
19688,tvshow
19689,tvshow
19690,company
19691,government
19692,government
19693,company
19694,company
19695,company
19696,company
19697,tvshow
19698,company
19699,government
19700,tvshow
19701,government
19702,government
19703,politician
19704,government
19705,politician
19706,government
19707,company
19708,politician
19709,company
19710,tvshow
19711,government
19712,politician
19713,company
19714,tvshow
19715,company
19716,politician
19717,government
19718,company
19719,tvshow
19720,tvshow
19721,politician
19722,government
19723,company
19724,company
19725,politician
19726,company
19727,government
19728,government
19729,politician
19730,government
19731,company
19732,tvshow
19733,politician
19734,politician
19735,government
19736,politician
19737,company
19738,government
19739,politician
19740,tvshow
19741,politician
19742,company
19743,company
19744,government
19745,government
19746,tvshow
19747,politician
19748,politician
19749,company
19750,politician
19751,government
19752,politician
19753,tvshow
19754,government
19755,government
19756,company
19757,tvshow
19758,government
19759,tvshow
19760,government
19761,government
19762,company
19763,company
19764,tvshow
19765,politician
19766,company
19767,company
19768,government
19769,government
19770,politician
19771,politician
19772,tvshow
19773,government
19774,government
19775,government
19776,company
19777,government
19778,government
19779,company
19780,politician
19781,government
19782,politician
19783,company
19784,politician
19785,company
19786,company
19787,company
19788,company
19789,tvshow
19790,tvshow
19791,company
19792,company
19793,government
19794,government
19795,government
19796,government
19797,government
19798,company
19799,politician
19800,company
19801,government
19802,tvshow
19803,company
19804,politician
19805,company
19806,politician
19807,politician
19808,company
19809,politician
19810,company
19811,government
19812,politician
19813,company
19814,government
19815,government
19816,tvshow
19817,government
19818,company
19819,government
19820,government
19821,government
19822,company
19823,company
19824,government
19825,politician
19826,politician
19827,tvshow
19828,politician
19829,company
19830,company
19831,government
19832,politician
19833,company
19834,company
19835,government
19836,tvshow
19837,company
19838,government
19839,tvshow
19840,tvshow
19841,company
19842,government
19843,company
19844,company
19845,government
19846,government
19847,government
19848,politician
19849,government
19850,company
19851,tvshow
19852,government
19853,company
19854,politician
19855,tvshow
19856,government
19857,company
19858,company
19859,politician
19860,tvshow
19861,politician
19862,tvshow
19863,politician
19864,government
19865,tvshow
19866,government
19867,company
19868,politician
19869,government
19870,tvshow
19871,government
19872,politician
19873,company
19874,politician
19875,politician
19876,politician
19877,government
19878,politician
19879,politician
19880,tvshow
19881,company
19882,politician
19883,politician
19884,politician
19885,company
19886,government
19887,politician
19888,politician
19889,politician
19890,government
19891,government
19892,politician
19893,politician
19894,government
19895,politician
19896,politician
19897,tvshow
19898,company
19899,tvshow
19900,politician
19901,company
19902,company
19903,government
19904,government
19905,company
19906,company
19907,politician
19908,politician
19909,government
19910,government
19911,government
19912,politician
19913,government
19914,tvshow
19915,company
19916,politician
19917,company
19918,politician
19919,company
19920,government
19921,company
19922,company
19923,tvshow
19924,politician
19925,politician
19926,politician
19927,politician
19928,tvshow
19929,politician
19930,government
19931,politician
19932,government
19933,government
19934,politician
19935,government
19936,politician
19937,politician
19938,tvshow
19939,company
19940,government
19941,government
19942,government
19943,politician
19944,company
19945,government
19946,government
19947,tvshow
19948,company
19949,government
19950,government
19951,tvshow
19952,company
19953,tvshow
19954,politician
19955,government
19956,government
19957,company
19958,government
19959,politician
19960,politician
19961,government
19962,government
19963,government
19964,government
19965,tvshow
19966,company
19967,tvshow
19968,politician
19969,company
19970,company
19971,government
19972,company
19973,tvshow
19974,government
19975,company
19976,politician
19977,politician
19978,tvshow
19979,government
19980,government
19981,politician
19982,company
19983,politician
19984,company
19985,company
19986,tvshow
19987,government
19988,government
19989,tvshow
19990,government
19991,government
19992,company
19993,government
19994,company
19995,tvshow
19996,politician
19997,company
19998,tvshow
19999,tvshow
20000,tvshow
20001,politician
20002,politician
20003,politician
20004,company
20005,government
20006,company
20007,politician
20008,government
20009,company
20010,politician
20011,government
20012,politician
20013,tvshow
20014,politician
20015,government
20016,government
20017,government
20018,government
20019,government
20020,politician
20021,government
20022,tvshow
20023,government
20024,company
20025,government
20026,politician
20027,politician
20028,politician
20029,company
20030,company
20031,company
20032,politician
20033,company
20034,government
20035,tvshow
20036,government
20037,politician
20038,tvshow
20039,tvshow
20040,tvshow
20041,tvshow
20042,company
20043,government
20044,politician
20045,company
20046,politician
20047,government
20048,government
20049,tvshow
20050,politician
20051,company
20052,company
20053,government
20054,company
20055,government
20056,tvshow
20057,tvshow
20058,politician
20059,company
20060,government
20061,politician
20062,government
20063,company
20064,politician
20065,government
20066,company
20067,politician
20068,government
20069,politician
20070,politician
20071,company
20072,government
20073,company
20074,government
20075,politician
20076,company
20077,tvshow
20078,company
20079,tvshow
20080,government
20081,government
20082,tvshow
20083,company
20084,company
20085,government
20086,company
20087,politician
20088,government
20089,tvshow
20090,politician
20091,politician
20092,politician
20093,politician
20094,government
20095,government
20096,politician
20097,company
20098,government
20099,company
20100,government
20101,politician
20102,politician
20103,company
20104,company
20105,company
20106,company
20107,tvshow
20108,politician
20109,politician
20110,government
20111,tvshow
20112,politician
20113,tvshow
20114,tvshow
20115,government
20116,government
20117,politician
20118,government
20119,company
20120,company
20121,company
20122,company
20123,company
20124,company
20125,company
20126,politician
20127,company
20128,company
20129,politician
20130,politician
20131,government
20132,politician
20133,government
20134,government
20135,government
20136,government
20137,politician
20138,company
20139,government
20140,government
20141,company
20142,company
20143,company
20144,government
20145,government
20146,government
20147,government
20148,politician
20149,company
20150,company
20151,tvshow
20152,company
20153,politician
20154,government
20155,politician
20156,government
20157,government
20158,company
20159,politician
20160,company
20161,politician
20162,company
20163,tvshow
20164,politician
20165,politician
20166,government
20167,tvshow
20168,politician
20169,tvshow
20170,company
20171,company
20172,tvshow
20173,government
20174,government
20175,company
20176,government
20177,tvshow
20178,tvshow
20179,politician
20180,company
20181,politician
20182,company
20183,politician
20184,tvshow
20185,government
20186,government
20187,tvshow
20188,politician
20189,company
20190,government
20191,politician
20192,politician
20193,government
20194,company
20195,company
20196,company
20197,company
20198,politician
20199,politician
20200,tvshow
20201,politician
20202,company
20203,company
20204,tvshow
20205,politician
20206,company
20207,tvshow
20208,company
20209,company
20210,company
20211,government
20212,government
20213,company
20214,politician
20215,government
20216,politician
20217,company
20218,politician
20219,tvshow
20220,politician
20221,politician
20222,company
20223,company
20224,politician
20225,government
20226,company
20227,government
20228,tvshow
20229,government
20230,company
20231,tvshow
20232,company
20233,government
20234,tvshow
20235,company
20236,company
20237,company
20238,politician
20239,government
20240,politician
20241,government
20242,politician
20243,politician
20244,tvshow
20245,politician
20246,government
20247,government
20248,company
20249,politician
20250,tvshow
20251,government
20252,government
20253,government
20254,government
20255,company
20256,government
20257,government
20258,government
20259,tvshow
20260,politician
20261,company
20262,government
20263,company
20264,company
20265,company
20266,government
20267,government
20268,tvshow
20269,company
20270,tvshow
20271,company
20272,government
20273,tvshow
20274,company
20275,government
20276,politician
20277,government
20278,government
20279,tvshow
20280,government
20281,government
20282,politician
20283,company
20284,company
20285,company
20286,company
20287,tvshow
20288,government
20289,politician
20290,government
20291,company
20292,government
20293,politician
20294,company
20295,company
20296,government
20297,government
20298,politician
20299,company
20300,politician
20301,politician
20302,tvshow
20303,politician
20304,company
20305,tvshow
20306,company
20307,company
20308,company
20309,politician
20310,tvshow
20311,tvshow
20312,company
20313,government
20314,politician
20315,politician
20316,government
20317,politician
20318,government
20319,government
20320,company
20321,company
20322,politician
20323,company
20324,tvshow
20325,politician
20326,company
20327,company
20328,government
20329,politician
20330,government
20331,government
20332,politician
20333,tvshow
20334,government
20335,politician
20336,tvshow
20337,company
20338,politician
20339,tvshow
20340,tvshow
20341,government
20342,politician
20343,government
20344,government
20345,politician
20346,company
20347,company
20348,government
20349,company
20350,tvshow
20351,company
20352,politician
20353,tvshow
20354,company
20355,company
20356,politician
20357,tvshow
20358,government
20359,politician
20360,politician
20361,government
20362,politician
20363,company
20364,tvshow
20365,tvshow
20366,government
20367,company
20368,government
20369,politician
20370,company
20371,government
20372,company
20373,government
20374,politician
20375,company
20376,government
20377,company
20378,government
20379,government
20380,politician
20381,politician
20382,tvshow
20383,company
20384,company
20385,government
20386,politician
20387,tvshow
20388,government
20389,tvshow
20390,company
20391,government
20392,company
20393,politician
20394,government
20395,politician
20396,company
20397,politician
20398,politician
20399,government
20400,company
20401,company
20402,company
20403,politician
20404,government
20405,government
20406,government
20407,politician
20408,tvshow
20409,company
20410,company
20411,politician
20412,company
20413,politician
20414,tvshow
20415,government
20416,politician
20417,company
20418,politician
20419,government
20420,company
20421,tvshow
20422,company
20423,government
20424,company
20425,company
20426,company
20427,politician
20428,politician
20429,tvshow
20430,company
20431,company
20432,company
20433,government
20434,government
20435,tvshow
20436,government
20437,company
20438,company
20439,politician
20440,politician
20441,government
20442,government
20443,politician
20444,company
20445,government
20446,government
20447,government
20448,tvshow
20449,company
20450,tvshow
20451,politician
20452,politician
20453,government
20454,company
20455,company
20456,company
20457,tvshow
20458,company
20459,government
20460,tvshow
20461,government
20462,government
20463,government
20464,government
20465,company
20466,government
20467,company
20468,company
20469,government
20470,company
20471,government
20472,politician
20473,company
20474,company
20475,company
20476,tvshow
20477,tvshow
20478,politician
20479,politician
20480,company
20481,government
20482,government
20483,politician
20484,government
20485,company
20486,politician
20487,company
20488,government
20489,politician
20490,company
20491,politician
20492,company
20493,government
20494,government
20495,politician
20496,government
20497,company
20498,government
20499,politician
20500,politician
20501,government
20502,politician
20503,government
20504,tvshow
20505,company
20506,government
20507,government
20508,tvshow
20509,tvshow
20510,government
20511,politician
20512,company
20513,government
20514,government
20515,company
20516,government
20517,tvshow
20518,government
20519,company
20520,company
20521,politician
20522,politician
20523,politician
20524,company
20525,tvshow
20526,politician
20527,politician
20528,government
20529,politician
20530,company
20531,company
20532,company
20533,politician
20534,government
20535,company
20536,company
20537,company
20538,government
20539,government
20540,government
20541,company
20542,government
20543,politician
20544,tvshow
20545,politician
20546,tvshow
20547,government
20548,government
20549,company
20550,company
20551,tvshow
20552,government
20553,politician
20554,company
20555,tvshow
20556,politician
20557,politician
20558,company
20559,company
20560,government
20561,government
20562,tvshow
20563,politician
20564,politician
20565,company
20566,politician
20567,government
20568,government
20569,government
20570,government
20571,government
20572,politician
20573,company
20574,company
20575,government
20576,government
20577,politician
20578,politician
20579,government
20580,politician
20581,company
20582,politician
20583,tvshow
20584,politician
20585,tvshow
20586,government
20587,government
20588,politician
20589,tvshow
20590,politician
20591,politician
20592,company
20593,government
20594,company
20595,politician
20596,company
20597,tvshow
20598,politician
20599,government
20600,politician
20601,politician
20602,government
20603,tvshow
20604,politician
20605,government
20606,company
20607,government
20608,company
20609,company
20610,tvshow
20611,company
20612,company
20613,company
20614,government
20615,politician
20616,government
20617,tvshow
20618,politician
20619,politician
20620,company
20621,government
20622,government
20623,company
20624,company
20625,politician
20626,government
20627,company
20628,company
20629,tvshow
20630,politician
20631,tvshow
20632,tvshow
20633,government
20634,company
20635,politician
20636,politician
20637,politician
20638,politician
20639,company
20640,company
20641,company
20642,tvshow
20643,tvshow
20644,company
20645,government
20646,government
20647,government
20648,government
20649,company
20650,tvshow
20651,government
20652,government
20653,politician
20654,government
20655,company
20656,government
20657,politician
20658,company
20659,government
20660,company
20661,government
20662,company
20663,politician
20664,tvshow
20665,politician
20666,politician
20667,government
20668,company
20669,company
20670,company
20671,politician
20672,tvshow
20673,government
20674,government
20675,tvshow
20676,politician
20677,politician
20678,politician
20679,company
20680,politician
20681,company
20682,company
20683,government
20684,company
20685,tvshow
20686,company
20687,politician
20688,company
20689,government
20690,company
20691,tvshow
20692,politician
20693,government
20694,company
20695,company
20696,government
20697,government
20698,politician
20699,company
20700,government
20701,government
20702,tvshow
20703,tvshow
20704,government
20705,tvshow
20706,government
20707,politician
20708,government
20709,politician
20710,company
20711,politician
20712,politician
20713,politician
20714,government
20715,politician
20716,company
20717,politician
20718,politician
20719,company
20720,company
20721,company
20722,company
20723,government
20724,politician
20725,government
20726,company
20727,government
20728,tvshow
20729,company
20730,politician
20731,politician
20732,government
20733,politician
20734,tvshow
20735,government
20736,politician
20737,tvshow
20738,company
20739,politician
20740,government
20741,politician
20742,tvshow
20743,politician
20744,government
20745,government
20746,politician
20747,tvshow
20748,company
20749,company
20750,company
20751,company
20752,company
20753,politician
20754,government
20755,government
20756,company
20757,government
20758,company
20759,government
20760,politician
20761,government
20762,tvshow
20763,government
20764,company
20765,government
20766,government
20767,tvshow
20768,politician
20769,government
20770,government
20771,government
20772,company
20773,politician
20774,government
20775,politician
20776,politician
20777,government
20778,company
20779,tvshow
20780,government
20781,government
20782,government
20783,company
20784,company
20785,company
20786,politician
20787,tvshow
20788,company
20789,company
20790,politician
20791,tvshow
20792,government
20793,politician
20794,politician
20795,company
20796,company
20797,company
20798,politician
20799,politician
20800,tvshow
20801,company
20802,government
20803,tvshow
20804,tvshow
20805,company
20806,company
20807,company
20808,politician
20809,company
20810,government
20811,company
20812,politician
20813,company
20814,government
20815,company
20816,government
20817,government
20818,tvshow
20819,government
20820,company
20821,politician
20822,government
20823,government
20824,government
20825,politician
20826,tvshow
20827,politician
20828,government
20829,politician
20830,company
20831,company
20832,company
20833,tvshow
20834,company
20835,government
20836,company
20837,politician
20838,politician
20839,government
20840,company
20841,company
20842,politician
20843,politician
20844,company
20845,government
20846,tvshow
20847,tvshow
20848,government
20849,politician
20850,company
20851,politician
20852,politician
20853,company
20854,politician
20855,tvshow
20856,tvshow
20857,government
20858,politician
20859,company
20860,politician
20861,tvshow
20862,government
20863,politician
20864,company
20865,government
20866,company
20867,politician
20868,company
20869,company
20870,company
20871,company
20872,company
20873,government
20874,company
20875,government
20876,tvshow
20877,politician
20878,politician
20879,government
20880,government
20881,government
20882,company
20883,tvshow
20884,politician
20885,company
20886,politician
20887,company
20888,tvshow
20889,politician
20890,tvshow
20891,politician
20892,company
20893,government
20894,company
20895,tvshow
20896,company
20897,company
20898,tvshow
20899,politician
20900,tvshow
20901,tvshow
20902,company
20903,government
20904,government
20905,company
20906,government
20907,tvshow
20908,politician
20909,tvshow
20910,government
20911,politician
20912,government
20913,company
20914,government
20915,politician
20916,tvshow
20917,company
20918,company
20919,tvshow
20920,government
20921,tvshow
20922,politician
20923,government
20924,tvshow
20925,government
20926,politician
20927,government
20928,government
20929,government
20930,company
20931,government
20932,government
20933,government
20934,tvshow
20935,tvshow
20936,politician
20937,company
20938,government
20939,government
20940,company
20941,government
20942,politician
20943,politician
20944,politician
20945,politician
20946,company
20947,government
20948,company
20949,politician
20950,tvshow
20951,politician
20952,government
20953,politician
20954,government
20955,tvshow
20956,tvshow
20957,government
20958,politician
20959,tvshow
20960,government
20961,company
20962,tvshow
20963,government
20964,tvshow
20965,politician
20966,company
20967,government
20968,company
20969,company
20970,government
20971,government
20972,tvshow
20973,government
20974,company
20975,company
20976,government
20977,government
20978,tvshow
20979,company
20980,company
20981,politician
20982,government
20983,company
20984,government
20985,tvshow
20986,politician
20987,government
20988,politician
20989,government
20990,government
20991,politician
20992,government
20993,government
20994,politician
20995,company
20996,politician
20997,company
20998,politician
20999,politician
21000,tvshow
21001,company
21002,tvshow
21003,government
21004,government
21005,tvshow
21006,company
21007,government
21008,tvshow
21009,company
21010,tvshow
21011,company
21012,tvshow
21013,politician
21014,government
21015,tvshow
21016,politician
21017,government
21018,politician
21019,government
21020,company
21021,tvshow
21022,politician
21023,politician
21024,government
21025,tvshow
21026,government
21027,politician
21028,government
21029,company
21030,government
21031,politician
21032,tvshow
21033,company
21034,government
21035,government
21036,politician
21037,company
21038,government
21039,politician
21040,government
21041,company
21042,politician
21043,politician
21044,politician
21045,government
21046,politician
21047,politician
21048,company
21049,government
21050,politician
21051,government
21052,government
21053,company
21054,company
21055,company
21056,government
21057,politician
21058,government
21059,company
21060,politician
21061,company
21062,company
21063,company
21064,company
21065,company
21066,government
21067,politician
21068,government
21069,government
21070,tvshow
21071,company
21072,tvshow
21073,company
21074,company
21075,politician
21076,company
21077,tvshow
21078,government
21079,politician
21080,government
21081,company
21082,tvshow
21083,company
21084,politician
21085,politician
21086,government
21087,company
21088,tvshow
21089,government
21090,company
21091,tvshow
21092,company
21093,politician
21094,government
21095,government
21096,government
21097,government
21098,company
21099,government
21100,company
21101,tvshow
21102,company
21103,politician
21104,politician
21105,government
21106,company
21107,government
21108,politician
21109,government
21110,tvshow
21111,politician
21112,politician
21113,government
21114,politician
21115,company
21116,company
21117,politician
21118,politician
21119,company
21120,politician
21121,government
21122,government
21123,government
21124,politician
21125,tvshow
21126,tvshow
21127,company
21128,politician
21129,tvshow
21130,tvshow
21131,company
21132,company
21133,government
21134,politician
21135,government
21136,company
21137,company
21138,company
21139,politician
21140,company
21141,government
21142,company
21143,politician
21144,government
21145,politician
21146,government
21147,company
21148,company
21149,politician
21150,company
21151,company
21152,tvshow
21153,company
21154,politician
21155,government
21156,government
21157,company
21158,government
21159,company
21160,company
21161,politician
21162,tvshow
21163,politician
21164,government
21165,government
21166,company
21167,politician
21168,government
21169,government
21170,tvshow
21171,company
21172,company
21173,politician
21174,politician
21175,politician
21176,tvshow
21177,politician
21178,company
21179,government
21180,government
21181,tvshow
21182,company
21183,tvshow
21184,government
21185,company
21186,politician
21187,company
21188,tvshow
21189,government
21190,government
21191,tvshow
21192,politician
21193,government
21194,politician
21195,government
21196,company
21197,government
21198,politician
21199,tvshow
21200,company
21201,tvshow
21202,government
21203,company
21204,company
21205,politician
21206,politician
21207,politician
21208,tvshow
21209,government
21210,politician
21211,government
21212,government
21213,government
21214,government
21215,company
21216,company
21217,government
21218,tvshow
21219,government
21220,tvshow
21221,company
21222,government
21223,tvshow
21224,politician
21225,government
21226,tvshow
21227,politician
21228,government
21229,tvshow
21230,company
21231,government
21232,government
21233,government
21234,politician
21235,government
21236,politician
21237,tvshow
21238,tvshow
21239,government
21240,politician
21241,company
21242,government
21243,government
21244,government
21245,company
21246,company
21247,government
21248,tvshow
21249,politician
21250,government
21251,company
21252,government
21253,company
21254,government
21255,government
21256,company
21257,government
21258,company
21259,company
21260,government
21261,government
21262,company
21263,politician
21264,tvshow
21265,politician
21266,politician
21267,company
21268,company
21269,politician
21270,company
21271,government
21272,government
21273,politician
21274,company
21275,tvshow
21276,company
21277,company
21278,government
21279,company
21280,government
21281,politician
21282,tvshow
21283,government
21284,company
21285,company
21286,tvshow
21287,government
21288,company
21289,tvshow
21290,politician
21291,politician
21292,politician
21293,company
21294,government
21295,company
21296,company
21297,politician
21298,tvshow
21299,government
21300,company
21301,government
21302,tvshow
21303,politician
21304,government
21305,company
21306,government
21307,government
21308,politician
21309,government
21310,company
21311,government
21312,government
21313,company
21314,tvshow
21315,government
21316,government
21317,company
21318,company
21319,government
21320,politician
21321,company
21322,government
21323,politician
21324,government
21325,tvshow
21326,politician
21327,government
21328,government
21329,government
21330,company
21331,government
21332,tvshow
21333,politician
21334,tvshow
21335,company
21336,tvshow
21337,company
21338,company
21339,government
21340,government
21341,company
21342,government
21343,company
21344,politician
21345,government
21346,politician
21347,company
21348,company
21349,politician
21350,politician
21351,company
21352,government
21353,politician
21354,politician
21355,government
21356,government
21357,company
21358,tvshow
21359,company
21360,government
21361,company
21362,politician
21363,government
21364,tvshow
21365,tvshow
21366,tvshow
21367,tvshow
21368,government
21369,politician
21370,company
21371,government
21372,government
21373,company
21374,politician
21375,government
21376,government
21377,politician
21378,company
21379,tvshow
21380,company
21381,company
21382,government
21383,tvshow
21384,company
21385,government
21386,government
21387,tvshow
21388,government
21389,politician
21390,government
21391,tvshow
21392,company
21393,politician
21394,government
21395,company
21396,tvshow
21397,politician
21398,tvshow
21399,government
21400,tvshow
21401,tvshow
21402,company
21403,politician
21404,company
21405,politician
21406,tvshow
21407,government
21408,company
21409,government
21410,government
21411,company
21412,company
21413,government
21414,company
21415,politician
21416,government
21417,company
21418,politician
21419,company
21420,politician
21421,government
21422,tvshow
21423,government
21424,government
21425,company
21426,tvshow
21427,tvshow
21428,government
21429,politician
21430,politician
21431,government
21432,government
21433,tvshow
21434,tvshow
21435,politician
21436,company
21437,government
21438,tvshow
21439,politician
21440,government
21441,company
21442,politician
21443,government
21444,government
21445,company
21446,politician
21447,politician
21448,politician
21449,politician
21450,politician
21451,government
21452,company
21453,company
21454,government
21455,politician
21456,government
21457,government
21458,government
21459,company
21460,company
21461,politician
21462,government
21463,government
21464,politician
21465,government
21466,politician
21467,politician
21468,politician
21469,government
21470,company
21471,tvshow
21472,company
21473,government
21474,government
21475,government
21476,government
21477,government
21478,tvshow
21479,politician
21480,tvshow
21481,company
21482,government
21483,government
21484,tvshow
21485,government
21486,company
21487,government
21488,government
21489,government
21490,tvshow
21491,politician
21492,politician
21493,politician
21494,government
21495,company
21496,politician
21497,government
21498,politician
21499,politician
21500,company
21501,politician
21502,company
21503,company
21504,politician
21505,politician
21506,company
21507,government
21508,company
21509,government
21510,government
21511,politician
21512,company
21513,government
21514,tvshow
21515,tvshow
21516,government
21517,government
21518,politician
21519,politician
21520,company
21521,tvshow
21522,politician
21523,government
21524,politician
21525,government
21526,tvshow
21527,politician
21528,government
21529,politician
21530,tvshow
21531,government
21532,politician
21533,tvshow
21534,government
21535,politician
21536,politician
21537,government
21538,company
21539,politician
21540,company
21541,politician
21542,politician
21543,politician
21544,government
21545,politician
21546,government
21547,politician
21548,government
21549,government
21550,tvshow
21551,tvshow
21552,company
21553,government
21554,company
21555,politician
21556,politician
21557,politician
21558,politician
21559,company
21560,tvshow
21561,government
21562,company
21563,government
21564,company
21565,tvshow
21566,tvshow
21567,politician
21568,company
21569,politician
21570,government
21571,government
21572,company
21573,company
21574,government
21575,government
21576,government
21577,politician
21578,politician
21579,politician
21580,tvshow
21581,politician
21582,company
21583,company
21584,government
21585,government
21586,tvshow
21587,politician
21588,company
21589,government
21590,tvshow
21591,politician
21592,company
21593,politician
21594,company
21595,company
21596,government
21597,politician
21598,politician
21599,government
21600,government
21601,company
21602,politician
21603,tvshow
21604,government
21605,tvshow
21606,government
21607,government
21608,politician
21609,tvshow
21610,tvshow
21611,politician
21612,politician
21613,politician
21614,politician
21615,politician
21616,government
21617,government
21618,company
21619,tvshow
21620,company
21621,politician
21622,government
21623,government
21624,politician
21625,company
21626,company
21627,government
21628,tvshow
21629,politician
21630,government
21631,government
21632,politician
21633,government
21634,company
21635,company
21636,government
21637,company
21638,tvshow
21639,company
21640,company
21641,company
21642,company
21643,company
21644,politician
21645,company
21646,government
21647,politician
21648,company
21649,politician
21650,tvshow
21651,tvshow
21652,government
21653,tvshow
21654,tvshow
21655,company
21656,government
21657,company
21658,politician
21659,government
21660,government
21661,company
21662,company
21663,company
21664,government
21665,politician
21666,government
21667,government
21668,government
21669,politician
21670,politician
21671,government
21672,government
21673,politician
21674,politician
21675,government
21676,company
21677,government
21678,government
21679,politician
21680,company
21681,company
21682,tvshow
21683,politician
21684,company
21685,politician
21686,tvshow
21687,company
21688,tvshow
21689,company
21690,company
21691,government
21692,tvshow
21693,company
21694,tvshow
21695,company
21696,tvshow
21697,company
21698,company
21699,government
21700,company
21701,company
21702,company
21703,politician
21704,government
21705,government
21706,company
21707,tvshow
21708,company
21709,government
21710,company
21711,company
21712,company
21713,politician
21714,government
21715,company
21716,government
21717,company
21718,company
21719,government
21720,company
21721,government
21722,politician
21723,company
21724,government
21725,politician
21726,politician
21727,company
21728,tvshow
21729,company
21730,government
21731,government
21732,politician
21733,company
21734,government
21735,politician
21736,company
21737,government
21738,government
21739,government
21740,government
21741,government
21742,politician
21743,government
21744,politician
21745,government
21746,government
21747,company
21748,tvshow
21749,politician
21750,government
21751,company
21752,company
21753,politician
21754,government
21755,politician
21756,politician
21757,politician
21758,politician
21759,government
21760,government
21761,company
21762,government
21763,company
21764,politician
21765,government
21766,government
21767,politician
21768,tvshow
21769,politician
21770,government
21771,company
21772,politician
21773,tvshow
21774,government
21775,tvshow
21776,government
21777,government
21778,politician
21779,tvshow
21780,government
21781,government
21782,company
21783,politician
21784,company
21785,company
21786,company
21787,politician
21788,government
21789,tvshow
21790,company
21791,company
21792,government
21793,company
21794,company
21795,company
21796,politician
21797,politician
21798,company
21799,politician
21800,tvshow
21801,government
21802,company
21803,tvshow
21804,politician
21805,politician
21806,politician
21807,company
21808,company
21809,tvshow
21810,government
21811,government
21812,government
21813,politician
21814,politician
21815,politician
21816,company
21817,politician
21818,tvshow
21819,politician
21820,government
21821,politician
21822,company
21823,government
21824,government
21825,government
21826,politician
21827,government
21828,company
21829,company
21830,politician
21831,politician
21832,government
21833,tvshow
21834,government
21835,company
21836,tvshow
21837,government
21838,government
21839,government
21840,tvshow
21841,politician
21842,company
21843,politician
21844,tvshow
21845,company
21846,company
21847,politician
21848,company
21849,politician
21850,politician
21851,government
21852,government
21853,tvshow
21854,government
21855,government
21856,government
21857,government
21858,tvshow
21859,government
21860,government
21861,politician
21862,company
21863,company
21864,tvshow
21865,company
21866,company
21867,tvshow
21868,government
21869,company
21870,tvshow
21871,politician
21872,tvshow
21873,company
21874,tvshow
21875,company
21876,politician
21877,government
21878,company
21879,company
21880,government
21881,company
21882,company
21883,politician
21884,company
21885,government
21886,company
21887,company
21888,politician
21889,company
21890,tvshow
21891,company
21892,company
21893,politician
21894,company
21895,company
21896,government
21897,company
21898,government
21899,government
21900,company
21901,politician
21902,politician
21903,government
21904,tvshow
21905,politician
21906,company
21907,tvshow
21908,politician
21909,politician
21910,politician
21911,company
21912,tvshow
21913,company
21914,government
21915,government
21916,government
21917,company
21918,government
21919,government
21920,politician
21921,tvshow
21922,politician
21923,politician
21924,politician
21925,government
21926,government
21927,government
21928,government
21929,government
21930,politician
21931,politician
21932,politician
21933,government
21934,company
21935,politician
21936,politician
21937,company
21938,tvshow
21939,company
21940,politician
21941,government
21942,government
21943,company
21944,company
21945,company
21946,government
21947,politician
21948,company
21949,government
21950,politician
21951,politician
21952,company
21953,politician
21954,politician
21955,tvshow
21956,company
21957,company
21958,company
21959,politician
21960,company
21961,company
21962,government
21963,politician
21964,company
21965,government
21966,company
21967,government
21968,government
21969,tvshow
21970,government
21971,tvshow
21972,company
21973,company
21974,company
21975,tvshow
21976,government
21977,company
21978,government
21979,company
21980,tvshow
21981,company
21982,government
21983,politician
21984,politician
21985,tvshow
21986,government
21987,tvshow
21988,company
21989,politician
21990,tvshow
21991,politician
21992,tvshow
21993,government
21994,government
21995,government
21996,politician
21997,politician
21998,company
21999,government
22000,politician
22001,tvshow
22002,tvshow
22003,politician
22004,government
22005,politician
22006,company
22007,politician
22008,government
22009,government
22010,government
22011,government
22012,company
22013,government
22014,government
22015,company
22016,politician
22017,tvshow
22018,government
22019,tvshow
22020,politician
22021,company
22022,tvshow
22023,government
22024,government
22025,politician
22026,politician
22027,politician
22028,government
22029,politician
22030,politician
22031,company
22032,company
22033,government
22034,company
22035,tvshow
22036,government
22037,politician
22038,government
22039,company
22040,government
22041,tvshow
22042,government
22043,politician
22044,government
22045,company
22046,politician
22047,politician
22048,tvshow
22049,tvshow
22050,politician
22051,politician
22052,tvshow
22053,government
22054,tvshow
22055,company
22056,tvshow
22057,politician
22058,government
22059,company
22060,tvshow
22061,tvshow
22062,government
22063,politician
22064,company
22065,company
22066,politician
22067,politician
22068,company
22069,tvshow
22070,tvshow
22071,company
22072,company
22073,company
22074,government
22075,politician
22076,politician
22077,government
22078,tvshow
22079,tvshow
22080,government
22081,government
22082,company
22083,tvshow
22084,politician
22085,politician
22086,politician
22087,company
22088,politician
22089,company
22090,politician
22091,politician
22092,politician
22093,tvshow
22094,company
22095,government
22096,company
22097,government
22098,government
22099,company
22100,government
22101,politician
22102,government
22103,tvshow
22104,government
22105,politician
22106,tvshow
22107,government
22108,company
22109,tvshow
22110,government
22111,politician
22112,politician
22113,government
22114,politician
22115,politician
22116,government
22117,politician
22118,politician
22119,government
22120,tvshow
22121,tvshow
22122,company
22123,tvshow
22124,government
22125,company
22126,government
22127,tvshow
22128,politician
22129,politician
22130,politician
22131,politician
22132,company
22133,company
22134,government
22135,government
22136,government
22137,tvshow
22138,politician
22139,politician
22140,tvshow
22141,politician
22142,politician
22143,company
22144,politician
22145,tvshow
22146,company
22147,politician
22148,tvshow
22149,company
22150,tvshow
22151,politician
22152,company
22153,company
22154,politician
22155,government
22156,tvshow
22157,government
22158,politician
22159,politician
22160,tvshow
22161,company
22162,politician
22163,politician
22164,company
22165,government
22166,company
22167,politician
22168,company
22169,government
22170,company
22171,government
22172,government
22173,politician
22174,politician
22175,company
22176,company
22177,politician
22178,government
22179,government
22180,government
22181,company
22182,politician
22183,tvshow
22184,tvshow
22185,government
22186,company
22187,government
22188,politician
22189,tvshow
22190,politician
22191,government
22192,government
22193,politician
22194,tvshow
22195,government
22196,government
22197,company
22198,politician
22199,politician
22200,company
22201,tvshow
22202,politician
22203,tvshow
22204,company
22205,government
22206,company
22207,company
22208,company
22209,government
22210,tvshow
22211,company
22212,tvshow
22213,government
22214,company
22215,tvshow
22216,tvshow
22217,government
22218,tvshow
22219,politician
22220,government
22221,tvshow
22222,company
22223,politician
22224,company
22225,government
22226,company
22227,government
22228,politician
22229,government
22230,politician
22231,government
22232,politician
22233,company
22234,company
22235,government
22236,tvshow
22237,company
22238,politician
22239,tvshow
22240,politician
22241,politician
22242,government
22243,politician
22244,politician
22245,company
22246,government
22247,government
22248,tvshow
22249,government
22250,tvshow
22251,tvshow
22252,company
22253,government
22254,company
22255,politician
22256,company
22257,tvshow
22258,government
22259,company
22260,company
22261,tvshow
22262,politician
22263,tvshow
22264,company
22265,company
22266,government
22267,government
22268,tvshow
22269,company
22270,tvshow
22271,company
22272,company
22273,company
22274,company
22275,tvshow
22276,company
22277,company
22278,government
22279,government
22280,company
22281,government
22282,government
22283,government
22284,politician
22285,politician
22286,company
22287,government
22288,government
22289,company
22290,politician
22291,company
22292,politician
22293,government
22294,tvshow
22295,government
22296,politician
22297,government
22298,tvshow
22299,company
22300,politician
22301,politician
22302,government
22303,tvshow
22304,government
22305,company
22306,politician
22307,company
22308,politician
22309,company
22310,tvshow
22311,politician
22312,government
22313,tvshow
22314,company
22315,company
22316,politician
22317,government
22318,politician
22319,government
22320,politician
22321,company
22322,politician
22323,tvshow
22324,politician
22325,politician
22326,government
22327,tvshow
22328,company
22329,government
22330,government
22331,government
22332,company
22333,politician
22334,government
22335,politician
22336,company
22337,company
22338,government
22339,company
22340,tvshow
22341,government
22342,company
22343,politician
22344,company
22345,tvshow
22346,government
22347,politician
22348,politician
22349,company
22350,government
22351,government
22352,government
22353,politician
22354,tvshow
22355,politician
22356,government
22357,company
22358,government
22359,politician
22360,politician
22361,government
22362,company
22363,company
22364,company
22365,politician
22366,company
22367,tvshow
22368,government
22369,politician
22370,government
22371,government
22372,tvshow
22373,company
22374,politician
22375,government
22376,government
22377,government
22378,company
22379,government
22380,politician
22381,politician
22382,government
22383,tvshow
22384,government
22385,tvshow
22386,tvshow
22387,tvshow
22388,company
22389,politician
22390,politician
22391,government
22392,politician
22393,government
22394,tvshow
22395,government
22396,government
22397,tvshow
22398,government
22399,government
22400,company
22401,politician
22402,politician
22403,tvshow
22404,politician
22405,politician
22406,government
22407,company
22408,politician
22409,government
22410,company
22411,government
22412,government
22413,tvshow
22414,tvshow
22415,politician
22416,politician
22417,company
22418,politician
22419,government
22420,government
22421,government
22422,government
22423,government
22424,government
22425,government
22426,company
22427,politician
22428,politician
22429,company
22430,politician
22431,company
22432,company
22433,government
22434,company
22435,company
22436,politician
22437,government
22438,government
22439,politician
22440,company
22441,government
22442,politician
22443,company
22444,government
22445,politician
22446,politician
22447,company
22448,company
22449,politician
22450,government
22451,politician
22452,politician
22453,tvshow
22454,politician
22455,tvshow
22456,government
22457,government
22458,company
22459,politician
22460,company
22461,government
22462,company
22463,politician
22464,government
22465,company
22466,politician
22467,company
22468,government
22469,company
22470,tvshow
